13004,d4316836,/Restaurant_Review-g274707-d4316836-Reviews-Vegansky_Svet-Prague_Bohemia.html
13005,d3677846,/Restaurant_Review-g187849-d3677846-Reviews-SPECIAL_Hamburger_Italian_Fast_Food-Milan_Lombardy.html
13006,d10628951,/Restaurant_Review-g189852-d10628951-Reviews-Pizza_Specialisten-Stockholm.html
13007,d7363858,/Restaurant_Review-g187514-d7363858-Reviews-Aromas_de_la_Dehesa-Madrid.html
13008,d720402,/Restaurant_Review-g186338-d720402-Reviews-Red_Pepper-London_England.html
13009,d5124599,/Restaurant_Review-g188644-d5124599-Reviews-Certo-Brussels.html
13010,d2307403,/Restaurant_Review-g187147-d2307403-Reviews-Ristorante_di_Como-Paris_Ile_de_France.html
13011,d11876582,/Restaurant_Review-g190454-d11876582-Reviews-Kent_Restaurant-Vienna.html
13012,d1332614,/Restaurant_Review-g187265-d1332614-Reviews-Le_Bourgogne-Lyon_Rhone_Auvergne_Rhone_Alpes.html
13013,d4767917,/Restaurant_Review-g274707-d4767917-Reviews-Modry_Beranek-Prague_Bohemia.html
13014,d10198118,/Restaurant_Review-g274924-d10198118-Reviews-Eiscafe_Delikana-Bratislava_Bratislava_Region.html
13015,d12440288,/Restaurant_Review-g186338-d12440288-Reviews-Cafe_Miami-London_England.html
13016,d4609453,/Restaurant_Review-g187323-d4609453-Reviews-Restaurant_Movie-Berlin.html
13017,d12859204,/Restaurant_Review-g187147-d12859204-Reviews-Le_Grand_Breguet-Paris_Ile_de_France.html
13018,d3497164,/Restaurant_Review-g187323-d3497164-Reviews-Oishi-Berlin.html
13019,d1787162,/Restaurant_Review-g187791-d1787162-Reviews-Fiaschetteria_Beltramme-Rome_Lazio.html
13020,d10822557,/Restaurant_Review-g189158-d10822557-Reviews-O_Fado_da_Mimi-Lisbon_Lisbon_District_Central_Portugal.html
13021,d9819609,/Restaurant_Review-g187331-d9819609-Reviews-Duckdalben-Hamburg.html
13022,d947144,/Restaurant_Review-g188113-d947144-Reviews-Geeren-Zurich.html
13023,d6456687,/Restaurant_Review-g274856-d6456687-Reviews-Piw_Paw-Warsaw_Mazovia_Province_Central_Poland.html
13024,d3512955,/Restaurant_Review-g190479-d3512955-Reviews-Sushi_Adamstuen-Oslo_Eastern_Norway.html
13025,d6868888,/Restaurant_Review-g189852-d6868888-Reviews-Stromma_Bolaget-Stockholm.html
13026,d7713244,/Restaurant_Review-g187849-d7713244-Reviews-Orawin_Thai_Bar-Milan_Lombardy.html
13027,d10045645,/Restaurant_Review-g187497-d10045645-Reviews-Obrac-Barcelona_Catalonia.html
13028,d1039646,/Restaurant_Review-g187309-d1039646-Reviews-Schlossschaenke-Munich_Upper_Bavaria_Bavaria.html
13029,d10468731,/Restaurant_Review-g187514-d10468731-Reviews-Cicchetto_Pizzeria-Madrid.html
13030,d10538213,/Restaurant_Review-g189158-d10538213-Reviews-Sabores_da_Terra-Lisbon_Lisbon_District_Central_Portugal.html
13031,d2219162,/Restaurant_Review-g187147-d2219162-Reviews-L_Envie-Paris_Ile_de_France.html
13032,d11923581,/Restaurant_Review-g274707-d11923581-Reviews-Kungfu_Chinese_Pasta-Prague_Bohemia.html
13033,d12159363,/Restaurant_Review-g274887-d12159363-Reviews-Megyeri_csarda-Budapest_Central_Hungary.html
13034,d6969713,/Restaurant_Review-g187323-d6969713-Reviews-Backshop_E_Cafe-Berlin.html
13035,d6700477,/Restaurant_Review-g187147-d6700477-Reviews-Restaurant_Ganesh-Paris_Ile_de_France.html
13036,d10096565,/Restaurant_Review-g274856-d10096565-Reviews-Miau_Cafe-Warsaw_Mazovia_Province_Central_Poland.html
13037,d13197465,/Restaurant_Review-g190454-d13197465-Reviews-Fladerei_Saltzgries-Vienna.html
13038,d2104398,/Restaurant_Review-g186605-d2104398-Reviews-Brambles_Cafe_Bistro-Dublin_County_Dublin.html
13039,d8776837,/Restaurant_Review-g274856-d8776837-Reviews-Jack_s_Cinema_Bar_Restaurant-Warsaw_Mazovia_Province_Central_Poland.html
13040,d2391535,/Restaurant_Review-g187147-d2391535-Reviews-Mezzo_di_Pasta-Paris_Ile_de_France.html
13041,d9846497,/Restaurant_Review-g187497-d9846497-Reviews-Makoto-Barcelona_Catalonia.html
13042,d2243745,/Restaurant_Review-g187147-d2243745-Reviews-Aux_Folies-Paris_Ile_de_France.html
13043,d4241799,/Restaurant_Review-g186338-d4241799-Reviews-Island_Cafe_Flat_Iron_Square-London_England.html
13044,d3493684,/Restaurant_Review-g187791-d3493684-Reviews-Rossopomodoro-Rome_Lazio.html
13045,d3953456,/Restaurant_Review-g187309-d3953456-Reviews-Marktstuberl_Metzgerei_Gassner-Munich_Upper_Bavaria_Bavaria.html
13046,d3398803,/Restaurant_Review-g187791-d3398803-Reviews-Pizzeria_Teresina_La_Tradizione-Rome_Lazio.html
13047,d790501,/Restaurant_Review-g187791-d790501-Reviews-Zen_Sushi-Rome_Lazio.html
13048,d10532124,/Restaurant_Review-g186338-d10532124-Reviews-Pizza1889-London_England.html
13049,d12999419,/Restaurant_Review-g274707-d12999419-Reviews-Spicymama-Prague_Bohemia.html
13050,d968850,/Restaurant_Review-g274707-d968850-Reviews-U_Trich_Zlatych_Hvezd-Prague_Bohemia.html
13051,d10188380,/Restaurant_Review-g274887-d10188380-Reviews-Deak_St_Kitchen-Budapest_Central_Hungary.html
13052,d1954153,/Restaurant_Review-g186338-d1954153-Reviews-Bumpkin_South_Kensington-London_England.html
13053,d2055697,/Restaurant_Review-g187323-d2055697-Reviews-Sen_Restaurant-Berlin.html
13054,d7952242,/Restaurant_Review-g187514-d7952242-Reviews-Cafe_del_Comercio-Madrid.html
13055,d8616658,/Restaurant_Review-g186605-d8616658-Reviews-Banaras-Dublin_County_Dublin.html
13056,d2572701,/Restaurant_Review-g274772-d2572701-Reviews-Loza_Restauracja-Krakow_Lesser_Poland_Province_Southern_Poland.html
13057,d1025407,/Restaurant_Review-g187514-d1025407-Reviews-Bangkok-Madrid.html
13058,d4148445,/Restaurant_Review-g190454-d4148445-Reviews-Gartencafe-Vienna.html
13059,d3605171,/Restaurant_Review-g274707-d3605171-Reviews-La_Casa_Argentina_Fast_Grill_All_you_can_eat_drink-Prague_Bohemia.html
13060,d10085331,/Restaurant_Review-g187849-d10085331-Reviews-La_Cuccagna-Milan_Lombardy.html
13061,d1539405,/Restaurant_Review-g188590-d1539405-Reviews-Sonny_Falafel-Amsterdam_North_Holland_Province.html
13062,d2248814,/Restaurant_Review-g187309-d2248814-Reviews-Gasthof_Hinterbruhl-Munich_Upper_Bavaria_Bavaria.html
13063,d3404607,/Restaurant_Review-g187514-d3404607-Reviews-La_cervecera-Madrid.html
13064,d5122874,/Restaurant_Review-g186338-d5122874-Reviews-Micky_s_Fish_Bar-London_England.html
13065,d4681804,/Restaurant_Review-g188057-d4681804-Reviews-Panda_Express_Geneva-Geneva.html
13066,d1152271,/Restaurant_Review-g189400-d1152271-Reviews-Alexandra_Restaurant-Athens_Attica.html
13067,d2589472,/Restaurant_Review-g187323-d2589472-Reviews-Ristorante_Trattoria_Pizzeria_La_Locanda-Berlin.html
13068,d12149010,/Restaurant_Review-g186338-d12149010-Reviews-Pret_a_Manger-London_England.html
13069,d7890919,/Restaurant_Review-g950780-d7890919-Reviews-Bulles_de_Reims-Etterbeek_Brussels.html
13070,d2397388,/Restaurant_Review-g187791-d2397388-Reviews-La_Boccaccia-Rome_Lazio.html
13071,d5490307,/Restaurant_Review-g187514-d5490307-Reviews-Casa_Nicasio-Madrid.html
13072,d6726818,/Restaurant_Review-g186338-d6726818-Reviews-Polpo_Notting_Hill-London_England.html
13073,d8731096,/Restaurant_Review-g187147-d8731096-Reviews-Le_Delik-Paris_Ile_de_France.html
13074,d7917235,/Restaurant_Review-g186338-d7917235-Reviews-CAU_St_Katharine_Docks-London_England.html
13075,d2459254,/Restaurant_Review-g187791-d2459254-Reviews-Pizzeria_Frontoni_L_Arte_della_Pizza_dal_1940-Rome_Lazio.html
13076,d11842510,/Restaurant_Review-g186338-d11842510-Reviews-Wrap_It_Up-London_England.html
13077,d877377,/Restaurant_Review-g186338-d877377-Reviews-Maedah_Grill-London_England.html
13078,d12949907,/Restaurant_Review-g274707-d12949907-Reviews-Bistro_Kaprova-Prague_Bohemia.html
13079,d7369405,/Restaurant_Review-g186605-d7369405-Reviews-Kfc_Kentucky_Fried_Chicken-Dublin_County_Dublin.html
13080,d3962325,/Restaurant_Review-g186338-d3962325-Reviews-Kong_Kong_House_Chinese_Take_away-London_England.html
13081,d7304317,/Restaurant_Review-g190479-d7304317-Reviews-Lett-Oslo_Eastern_Norway.html
13082,d4548015,/Restaurant_Review-g186338-d4548015-Reviews-The_Greene_Man_Hungry_Horse_Pub-London_England.html
13083,d8059153,/Restaurant_Review-g186338-d8059153-Reviews-Tacotitlan-London_England.html
13084,d9583661,/Restaurant_Review-g189180-d9583661-Reviews-Restaurante_Sitio_Do_Costume-Porto_Porto_District_Northern_Portugal.html
13085,d1034616,/Restaurant_Review-g187791-d1034616-Reviews-La_Buvette-Rome_Lazio.html
13086,d13417628,/Restaurant_Review-g274924-d13417628-Reviews-Fertucha-Bratislava_Bratislava_Region.html
13087,d12063958,/Restaurant_Review-g187147-d12063958-Reviews-Bistro_Regent_Paris_9-Paris_Ile_de_France.html
13088,d12545651,/Restaurant_Review-g188113-d12545651-Reviews-The_Yard_Eat_my_Balls-Zurich.html
13089,d5587738,/Restaurant_Review-g187791-d5587738-Reviews-126_Cafe-Rome_Lazio.html
13090,d2327555,/Restaurant_Review-g187497-d2327555-Reviews-Bosco_Food_Drinks-Barcelona_Catalonia.html
13091,d7213476,/Restaurant_Review-g187147-d7213476-Reviews-Le_Bistrot_a_deux_tetes-Paris_Ile_de_France.html
13092,d4717560,/Restaurant_Review-g274887-d4717560-Reviews-Baltazar_Grill_and_Wine_Bar-Budapest_Central_Hungary.html
13093,d1740002,/Restaurant_Review-g274707-d1740002-Reviews-Jin_Yan_Jiu_Jia-Prague_Bohemia.html
13094,d1826554,/Restaurant_Review-g187147-d1826554-Reviews-Marriott_Square-Paris_Ile_de_France.html
13095,d10092863,/Restaurant_Review-g187791-d10092863-Reviews-Osteria_del_Pesce-Rome_Lazio.html
13096,d6886284,/Restaurant_Review-g189934-d6886284-Reviews-Herkkutalo-Helsinki_Uusimaa.html
13097,d2426976,/Restaurant_Review-g187791-d2426976-Reviews-Osteria_Pizzeria_Margherita-Rome_Lazio.html
13098,d11912201,/Restaurant_Review-g189180-d11912201-Reviews-Pao_Nosso-Porto_Porto_District_Northern_Portugal.html
13099,d2502890,/Restaurant_Review-g186525-d2502890-Reviews-Shangri_La-Edinburgh_Scotland.html
13100,d1957789,/Restaurant_Review-g186338-d1957789-Reviews-Cafe_Diana-London_England.html
13101,d7124016,/Restaurant_Review-g274707-d7124016-Reviews-SB_centrum-Prague_Bohemia.html
13102,d3404853,/Restaurant_Review-g186338-d3404853-Reviews-Retsina_Mousaka-London_England.html
13103,d5796202,/Restaurant_Review-g187497-d5796202-Reviews-Avenida-Barcelona_Catalonia.html
13104,d11881046,/Restaurant_Review-g1080938-d11881046-Reviews-Le_Comptoir_de_Decines-Decines_Charpieu_Lyon_Rhone_Auvergne_Rhone_Alpes.html
13105,d5956647,/Restaurant_Review-g189852-d5956647-Reviews-Konditoriet-Stockholm.html
13106,d3693165,/Restaurant_Review-g186338-d3693165-Reviews-New_bowl-London_England.html
13107,d2141891,/Restaurant_Review-g187514-d2141891-Reviews-Stork_Bar_Madrid-Madrid.html
13108,d4947002,/Restaurant_Review-g189158-d4947002-Reviews-Tintim_cafe-Lisbon_Lisbon_District_Central_Portugal.html
13109,d4782650,/Restaurant_Review-g187147-d4782650-Reviews-Chez_Mademoiselle-Paris_Ile_de_France.html
13110,d8599284,/Restaurant_Review-g190454-d8599284-Reviews-Cafe_and_Restaurant_Gustl_Kocht-Vienna.html
13111,d2369680,/Restaurant_Review-g187323-d2369680-Reviews-La_Galleria_Italiana-Berlin.html
13112,d5532299,/Restaurant_Review-g187309-d5532299-Reviews-Cafe_Bar_Tre_stelle-Munich_Upper_Bavaria_Bavaria.html
13113,d12138537,/Restaurant_Review-g186338-d12138537-Reviews-Shish_Restaurant-London_England.html
13114,d803916,/Restaurant_Review-g187265-d803916-Reviews-Cafe_de_la_creche-Lyon_Rhone_Auvergne_Rhone_Alpes.html
13115,d7322058,/Restaurant_Review-g186338-d7322058-Reviews-Gourmet_2-London_England.html
13116,d5936233,/Restaurant_Review-g189852-d5936233-Reviews-Burger_King-Stockholm.html
13117,d1800806,/Restaurant_Review-g188644-d1800806-Reviews-Le_Plattesteen-Brussels.html
13118,d1486765,/Restaurant_Review-g186338-d1486765-Reviews-Albion_Shoreditch-London_England.html
13119,d13085903,/Restaurant_Review-g186338-d13085903-Reviews-Dalchini-London_England.html
13120,d8016659,/Restaurant_Review-g274707-d8016659-Reviews-Restaurant_U_Templaru_Vitezna-Prague_Bohemia.html
13121,d4754701,/Restaurant_Review-g1136493-d4754701-Reviews-Borsalino-Ixelles_Brussels.html
13122,d6435085,/Restaurant_Review-g187147-d6435085-Reviews-Allan_s_Burger-Paris_Ile_de_France.html
13123,d1945825,/Restaurant_Review-g190454-d1945825-Reviews-Hopfen_Malz-Vienna.html
13124,d3222044,/Restaurant_Review-g186338-d3222044-Reviews-Tower_Bar_and_Grill-London_England.html
13125,d5965954,/Restaurant_Review-g190454-d5965954-Reviews-Schnitzelhaus-Vienna.html
13126,d12416363,/Restaurant_Review-g186605-d12416363-Reviews-Hot_Bubble_Cafe-Dublin_County_Dublin.html
13127,d2304368,/Restaurant_Review-g187791-d2304368-Reviews-Grazie_a_Dio_e_Venerdi-Rome_Lazio.html
13128,d12479650,/Restaurant_Review-g187849-d12479650-Reviews-Cantine_Milano-Milan_Lombardy.html
13129,d12151596,/Restaurant_Review-g187147-d12151596-Reviews-Yoko-Paris_Ile_de_France.html
13130,d719217,/Restaurant_Review-g187147-d719217-Reviews-Le_Petit_Vatel-Paris_Ile_de_France.html
13131,d7162271,/Restaurant_Review-g190454-d7162271-Reviews-Lavazza_Cafe_Bar-Vienna.html
13132,d12123930,/Restaurant_Review-g186338-d12123930-Reviews-Auguste_Handmade-London_England.html
13133,d5862177,/Restaurant_Review-g187791-d5862177-Reviews-Kebabone-Rome_Lazio.html
13134,d1989890,/Restaurant_Review-g186338-d1989890-Reviews-The_Blues_Kitchen_Camden-London_England.html
13135,d10214438,/Restaurant_Review-g187497-d10214438-Reviews-Mr_Dumpling-Barcelona_Catalonia.html
13136,d3936485,/Restaurant_Review-g187147-d3936485-Reviews-Casa_Della_Pasta-Paris_Ile_de_France.html
13137,d7212107,/Restaurant_Review-g274707-d7212107-Reviews-Gourmet_Deli_and_Bar-Prague_Bohemia.html
13138,d2016637,/Restaurant_Review-g187147-d2016637-Reviews-Sans_Gene-Paris_Ile_de_France.html
13139,d8338686,/Restaurant_Review-g187849-d8338686-Reviews-Missori_Cafe-Milan_Lombardy.html
13140,d8339621,/Restaurant_Review-g187849-d8339621-Reviews-McDonald_s-Milan_Lombardy.html
13141,d3208157,/Restaurant_Review-g186338-d3208157-Reviews-Fratelli_La_Bufala-London_England.html
13142,d12404501,/Restaurant_Review-g187323-d12404501-Reviews-Fraulein_Lietz-Berlin.html
13143,d10305514,/Restaurant_Review-g189400-d10305514-Reviews-Attika_Bakeries-Athens_Attica.html
13144,d5607663,/Restaurant_Review-g187331-d5607663-Reviews-Alte_runde_Ecke-Hamburg.html
13145,d12322349,/Restaurant_Review-g274887-d12322349-Reviews-Zing_Burger_Kiraly_20-Budapest_Central_Hungary.html
13146,d11980779,/Restaurant_Review-g187497-d11980779-Reviews-La_Sucursal-Barcelona_Catalonia.html
13147,d7204683,/Restaurant_Review-g207360-d7204683-Reviews-Au_Comptoir_d_Emile-Villeurbanne_Lyon_Rhone_Auvergne_Rhone_Alpes.html
13148,d4283548,/Restaurant_Review-g187791-d4283548-Reviews-Borgo_36-Rome_Lazio.html
13149,d5285745,/Restaurant_Review-g187514-d5285745-Reviews-Tommy_Mel_s-Madrid.html
13150,d6651217,/Restaurant_Review-g274856-d6651217-Reviews-Argo-Warsaw_Mazovia_Province_Central_Poland.html
13151,d10805608,/Restaurant_Review-g187147-d10805608-Reviews-Caminito_BISTRO_ARGENTIN-Paris_Ile_de_France.html
13152,d733287,/Restaurant_Review-g186338-d733287-Reviews-Nuvo-London_England.html
13153,d4752166,/Restaurant_Review-g189541-d4752166-Reviews-Svaneke_Is-Copenhagen_Zealand.html
13154,d4697676,/Restaurant_Review-g187849-d4697676-Reviews-Morna-Milan_Lombardy.html
13155,d2290510,/Restaurant_Review-g187497-d2290510-Reviews-La_Pineda_Xarcuteria-Barcelona_Catalonia.html
13156,d9767219,/Restaurant_Review-g207360-d9767219-Reviews-Le_Number_One-Villeurbanne_Lyon_Rhone_Auvergne_Rhone_Alpes.html
13157,d7083692,/Restaurant_Review-g190454-d7083692-Reviews-Al_Mercato-Vienna.html
13158,d7283458,/Restaurant_Review-g187323-d7283458-Reviews-Republik_Frank_und_frei-Berlin.html
13159,d4232713,/Restaurant_Review-g274887-d4232713-Reviews-Voros_Homar-Budapest_Central_Hungary.html
13160,d8147277,/Restaurant_Review-g274856-d8147277-Reviews-Sensi_Sushi-Warsaw_Mazovia_Province_Central_Poland.html
13161,d2690704,/Restaurant_Review-g189934-d2690704-Reviews-Seasons_Restaurant_Coffee_Shop-Helsinki_Uusimaa.html
13162,d11778995,/Restaurant_Review-g186338-d11778995-Reviews-Joe_and_Za-London_England.html
13163,d1866384,/Restaurant_Review-g187147-d1866384-Reviews-La_Fourchette_du_Printemps-Paris_Ile_de_France.html
13164,d2535829,/Restaurant_Review-g187849-d2535829-Reviews-La_Locanda-Milan_Lombardy.html
13165,d7342193,/Restaurant_Review-g187309-d7342193-Reviews-Grillin_Me_Softly-Munich_Upper_Bavaria_Bavaria.html
13166,d5577909,/Restaurant_Review-g274772-d5577909-Reviews-Stoccaggio_Wine_Bar-Krakow_Lesser_Poland_Province_Southern_Poland.html
13167,d6977358,/Restaurant_Review-g187323-d6977358-Reviews-Manufacture_Delicate-Berlin.html
13168,d1127301,/Restaurant_Review-g186525-d1127301-Reviews-Charwood_Grill-Edinburgh_Scotland.html
13169,d10048598,/Restaurant_Review-g187323-d10048598-Reviews-Einstein_Kaffee-Berlin.html
13170,d8279596,/Restaurant_Review-g187147-d8279596-Reviews-Nguyen_Tien-Paris_Ile_de_France.html
13171,d8487170,/Restaurant_Review-g186338-d8487170-Reviews-Meskerem_Restaurant-London_England.html
13172,d11751474,/Restaurant_Review-g187497-d11751474-Reviews-Empanat-Barcelona_Catalonia.html
13173,d8686832,/Restaurant_Review-g274887-d8686832-Reviews-Lehel_Ize_Gyorsetterem-Budapest_Central_Hungary.html
13174,d1341789,/Restaurant_Review-g187323-d1341789-Reviews-Restaurant_Weisse_Villa_Dirk_Bengelsdorff-Berlin.html
13175,d8355884,/Restaurant_Review-g187849-d8355884-Reviews-Cremeria_Meravigli-Milan_Lombardy.html
13176,d4767527,/Restaurant_Review-g274707-d4767527-Reviews-Restaurace_U_tri_soudku-Prague_Bohemia.html
13177,d12453574,/Restaurant_Review-g187147-d12453574-Reviews-Au_Sens_des_Saveurs-Paris_Ile_de_France.html
13178,d12571169,/Restaurant_Review-g189158-d12571169-Reviews-Restaurante_Leziria_Casa_de_petiscos-Lisbon_Lisbon_District_Central_Portugal.html
13179,d4268227,/Restaurant_Review-g187514-d4268227-Reviews-Montaloya-Madrid.html
13180,d12950858,/Restaurant_Review-g187147-d12950858-Reviews-Subway-Paris_Ile_de_France.html
13181,d7726817,/Restaurant_Review-g190356-d7726817-Reviews-Bistro_Podenco-Luxembourg_City.html
13182,d2350150,/Restaurant_Review-g274772-d2350150-Reviews-Morela-Krakow_Lesser_Poland_Province_Southern_Poland.html
13183,d3462594,/Restaurant_Review-g187323-d3462594-Reviews-Cocoro-Berlin.html
13184,d12994922,/Restaurant_Review-g187497-d12994922-Reviews-BERGAMOTE_Pastry_Coffee-Barcelona_Catalonia.html
13185,d5523377,/Restaurant_Review-g187323-d5523377-Reviews-Mela-Berlin.html
13186,d8319843,/Restaurant_Review-g187849-d8319843-Reviews-Mama_Petra-Milan_Lombardy.html
13187,d5790311,/Restaurant_Review-g187265-d5790311-Reviews-Bistrot_des_fauves-Lyon_Rhone_Auvergne_Rhone_Alpes.html
13188,d3974453,/Restaurant_Review-g189400-d3974453-Reviews-I_Gonia-Athens_Attica.html
13189,d2693571,/Restaurant_Review-g274856-d2693571-Reviews-Sushi_Zushi-Warsaw_Mazovia_Province_Central_Poland.html
13190,d8449127,/Restaurant_Review-g187497-d8449127-Reviews-Kodama-Barcelona_Catalonia.html
13191,d11660314,/Restaurant_Review-g274707-d11660314-Reviews-Tankarna-Prague_Bohemia.html
13192,d10137349,/Restaurant_Review-g274887-d10137349-Reviews-Facebistro-Budapest_Central_Hungary.html
13193,d12001561,/Restaurant_Review-g187791-d12001561-Reviews-Ristorante_Cinema_Vittoria-Rome_Lazio.html
13194,d10519837,/Restaurant_Review-g186338-d10519837-Reviews-The_Lounge_Cafe-London_England.html
13195,d12557430,/Restaurant_Review-g187147-d12557430-Reviews-Marrow-Paris_Ile_de_France.html
13196,d7243478,/Restaurant_Review-g187514-d7243478-Reviews-Casa_Otero-Madrid.html
13197,d6124993,/Restaurant_Review-g187147-d6124993-Reviews-L_attrape_coeurs_bar-Paris_Ile_de_France.html
13198,d6427415,/Restaurant_Review-g188057-d6427415-Reviews-Restaurant_Matsu-Geneva.html
13199,d6567334,/Restaurant_Review-g186605-d6567334-Reviews-Spar_Foodhall-Dublin_County_Dublin.html
13200,d3607564,/Restaurant_Review-g187849-d3607564-Reviews-I_Fradel-Milan_Lombardy.html
13201,d7591659,/Restaurant_Review-g274887-d7591659-Reviews-Suppe-Budapest_Central_Hungary.html
13202,d2431470,/Restaurant_Review-g187791-d2431470-Reviews-Magnolia-Rome_Lazio.html
13203,d2614859,/Restaurant_Review-g190454-d2614859-Reviews-Plachutta_Hietzing-Vienna.html
13204,d991453,/Restaurant_Review-g187514-d991453-Reviews-El_Corte_Ingles-Madrid.html
13205,d5820511,/Restaurant_Review-g187331-d5820511-Reviews-Frieda_am_Park-Hamburg.html
13206,d2508012,/Restaurant_Review-g186338-d2508012-Reviews-The_Camden_Head_Islington-London_England.html
13207,d1478085,/Restaurant_Review-g186525-d1478085-Reviews-Kyloe_Restaurant_at_Rutland_Hotel-Edinburgh_Scotland.html
13208,d11543926,/Restaurant_Review-g187514-d11543926-Reviews-Ichikoro-Madrid.html
13209,d4308003,/Restaurant_Review-g187147-d4308003-Reviews-Little_Trendy-Paris_Ile_de_France.html
13210,d12384191,/Restaurant_Review-g189158-d12384191-Reviews-TASCO_ganancias-Lisbon_Lisbon_District_Central_Portugal.html
13211,d1045585,/Restaurant_Review-g189400-d1045585-Reviews-Vlassis_Restaurant-Athens_Attica.html
13212,d5074430,/Restaurant_Review-g187849-d5074430-Reviews-Pizzeria_Gioia-Milan_Lombardy.html
13213,d6713429,/Restaurant_Review-g189852-d6713429-Reviews-Mama_Africa-Stockholm.html
13214,d751627,/Restaurant_Review-g187514-d751627-Reviews-Inaki_y_Rosa-Madrid.html
13215,d12669307,/Restaurant_Review-g187514-d12669307-Reviews-Flor_D_KKO-Madrid.html
13216,d5964538,/Restaurant_Review-g189158-d5964538-Reviews-Chimarrao_Av_de_Roma-Lisbon_Lisbon_District_Central_Portugal.html
13217,d13051191,/Restaurant_Review-g187323-d13051191-Reviews-Asia_Deli-Berlin.html
13218,d3728245,/Restaurant_Review-g274707-d3728245-Reviews-Oliva_Verde_Ristorante-Prague_Bohemia.html
13219,d12732323,/Restaurant_Review-g187331-d12732323-Reviews-NOM_vietnamesisches_Restaurant-Hamburg.html
13220,d1034641,/Restaurant_Review-g187791-d1034641-Reviews-Osteria_da_Meo_Patacca-Rome_Lazio.html
13221,d4091047,/Restaurant_Review-g187497-d4091047-Reviews-Foc_i_Oli-Barcelona_Catalonia.html
13222,d857984,/Restaurant_Review-g187265-d857984-Reviews-Eden_Rock_Cafe-Lyon_Rhone_Auvergne_Rhone_Alpes.html
13223,d12732168,/Restaurant_Review-g207360-d12732168-Reviews-Sunshine-Villeurbanne_Lyon_Rhone_Auvergne_Rhone_Alpes.html
13224,d7714817,/Restaurant_Review-g1136488-d7714817-Reviews-Pizza_Fresca-Uccle_Brussels.html
13225,d2642015,/Restaurant_Review-g187331-d2642015-Reviews-Elbfisch-Hamburg.html
13226,d1202472,/Restaurant_Review-g188113-d1202472-Reviews-Billiardino-Zurich.html
13227,d6225143,/Restaurant_Review-g187147-d6225143-Reviews-Maison_Passos-Paris_Ile_de_France.html
13228,d12692843,/Restaurant_Review-g189158-d12692843-Reviews-O_Escondidinho-Lisbon_Lisbon_District_Central_Portugal.html
13229,d4745174,/Restaurant_Review-g186338-d4745174-Reviews-Flesh_and_Buns-London_England.html
13230,d8673906,/Restaurant_Review-g186338-d8673906-Reviews-Star_Cafe-London_England.html
13231,d3934906,/Restaurant_Review-g187791-d3934906-Reviews-Zizzi_Pizza-Rome_Lazio.html
13232,d10182283,/Restaurant_Review-g950780-d10182283-Reviews-Bahay_Kubo-Etterbeek_Brussels.html
13233,d10786819,/Restaurant_Review-g186338-d10786819-Reviews-Zushi_Sushi-London_England.html
13234,d8838124,/Restaurant_Review-g187514-d8838124-Reviews-La_Maquina_Jorge_Juan-Madrid.html
13235,d10350158,/Restaurant_Review-g189158-d10350158-Reviews-Indiano_Nawab_Halal-Lisbon_Lisbon_District_Central_Portugal.html
13236,d8782212,/Restaurant_Review-g186338-d8782212-Reviews-Pho_Bun-London_England.html
13237,d797618,/Restaurant_Review-g187849-d797618-Reviews-Osteria_Borsieri-Milan_Lombardy.html
13238,d11925478,/Restaurant_Review-g187147-d11925478-Reviews-Lyna_Ristorante-Paris_Ile_de_France.html
13239,d7792253,/Restaurant_Review-g187497-d7792253-Reviews-Pizzerica-Barcelona_Catalonia.html
13240,d1206614,/Restaurant_Review-g187849-d1206614-Reviews-Ristorante_Pizzeria_Rosy_e_Gabriele-Milan_Lombardy.html
13241,d4767679,/Restaurant_Review-g274707-d4767679-Reviews-U_Dlabace-Prague_Bohemia.html
13242,d10498527,/Restaurant_Review-g190454-d10498527-Reviews-Mikkamakka_Vegan_Bistro-Vienna.html
13243,d7123402,/Restaurant_Review-g274707-d7123402-Reviews-Gusto_Giusto-Prague_Bohemia.html
13244,d3568307,/Restaurant_Review-g186338-d3568307-Reviews-Trattoria_N16-London_England.html
13245,d1651108,/Restaurant_Review-g189541-d1651108-Reviews-Nyhavns_Hereford_House-Copenhagen_Zealand.html
13246,d7021352,/Restaurant_Review-g274887-d7021352-Reviews-Tornac-Budapest_Central_Hungary.html
13247,d10005052,/Restaurant_Review-g189158-d10005052-Reviews-Agra_Indian_Restaurant-Lisbon_Lisbon_District_Central_Portugal.html
13248,d6181745,/Restaurant_Review-g186338-d6181745-Reviews-Market_Cafe_Plc-London_England.html
13249,d13089067,/Restaurant_Review-g187147-d13089067-Reviews-BAAGAA-Paris_Ile_de_France.html
13250,d7686327,/Restaurant_Review-g274856-d7686327-Reviews-Ring_the_Bell-Warsaw_Mazovia_Province_Central_Poland.html
13251,d6688101,/Restaurant_Review-g187331-d6688101-Reviews-The_Cube-Hamburg.html
13252,d2519532,/Restaurant_Review-g188590-d2519532-Reviews-Siriphon-Amsterdam_North_Holland_Province.html
13253,d3538471,/Restaurant_Review-g187791-d3538471-Reviews-Sushi_Ren_restaurant-Rome_Lazio.html
13254,d5776955,/Restaurant_Review-g187497-d5776955-Reviews-Talmon-Barcelona_Catalonia.html
13255,d3850004,/Restaurant_Review-g186338-d3850004-Reviews-Tia_Maria_Restaurant_Music_Bar-London_England.html
13256,d8130149,/Restaurant_Review-g188590-d8130149-Reviews-Rotisserie_Amsterdam-Amsterdam_North_Holland_Province.html
13257,d8067424,/Restaurant_Review-g190454-d8067424-Reviews-Athos-Vienna.html
13258,d8298099,/Restaurant_Review-g187849-d8298099-Reviews-Samori_Caffe-Milan_Lombardy.html
13259,d3815017,/Restaurant_Review-g189934-d3815017-Reviews-Como_Ristorante_and_Vinoteca-Helsinki_Uusimaa.html
13260,d12644343,/Restaurant_Review-g189852-d12644343-Reviews-Blasieholmen-Stockholm.html
13261,d8119460,/Restaurant_Review-g186605-d8119460-Reviews-Firepit-Dublin_County_Dublin.html
13262,d6739669,/Restaurant_Review-g274707-d6739669-Reviews-Country_Life-Prague_Bohemia.html
13263,d13124503,/Restaurant_Review-g186525-d13124503-Reviews-Diablo_Loco-Edinburgh_Scotland.html
13264,d997381,/Restaurant_Review-g187497-d997381-Reviews-Restaurante_Piola-Barcelona_Catalonia.html
13265,d12176797,/Restaurant_Review-g186605-d12176797-Reviews-Cocu-Dublin_County_Dublin.html
13266,d9585032,/Restaurant_Review-g186338-d9585032-Reviews-Deliciously_Ella_at_Seymour_Place-London_England.html
13267,d7117920,/Restaurant_Review-g187323-d7117920-Reviews-Eisbeineck-Berlin.html
13268,d10663008,/Restaurant_Review-g188113-d10663008-Reviews-Kafi_Zueri-Zurich.html
13269,d7313085,/Restaurant_Review-g190356-d7313085-Reviews-Girassol-Luxembourg_City.html
13270,d11909506,/Restaurant_Review-g187147-d11909506-Reviews-Le_Petit_Pavillon_Du_Jardin-Paris_Ile_de_France.html
13271,d9581300,/Restaurant_Review-g186338-d9581300-Reviews-Abokado-London_England.html
13272,d4911023,/Restaurant_Review-g186338-d4911023-Reviews-Star_Pizza-London_England.html
13273,d12615381,/Restaurant_Review-g187849-d12615381-Reviews-SempliceMente-Milan_Lombardy.html
13274,d5453838,/Restaurant_Review-g274707-d5453838-Reviews-Hezky_Cesky-Prague_Bohemia.html
13275,d12069105,/Restaurant_Review-g187147-d12069105-Reviews-Cantine_Le_Myrha-Paris_Ile_de_France.html
13276,d9781414,/Restaurant_Review-g187514-d9781414-Reviews-Taberna_del_Volapie_Diego_de_Leon-Madrid.html
13277,d4228584,/Restaurant_Review-g187147-d4228584-Reviews-Brinv-Paris_Ile_de_France.html
13278,d4179327,/Restaurant_Review-g189852-d4179327-Reviews-Ciao_Ciao_Due-Stockholm.html
13279,d7621272,/Restaurant_Review-g189158-d7621272-Reviews-Os_Meninos-Lisbon_Lisbon_District_Central_Portugal.html
13280,d5616096,/Restaurant_Review-g186338-d5616096-Reviews-Favourite_Inn-London_England.html
13281,d3253024,/Restaurant_Review-g186338-d3253024-Reviews-Hummus_Bros-London_England.html
13282,d718256,/Restaurant_Review-g187309-d718256-Reviews-Pacific_Times-Munich_Upper_Bavaria_Bavaria.html
13283,d6454288,/Restaurant_Review-g187514-d6454288-Reviews-MasQMenos_T4_Barajas-Madrid.html
13284,d11550266,/Restaurant_Review-g187791-d11550266-Reviews-La_VispaTeresa-Rome_Lazio.html
13285,d13200549,/Restaurant_Review-g1156375-d13200549-Reviews-Bay_May-Saint_Jans_Molenbeek_Brussels.html
13286,d11881751,/Restaurant_Review-g189158-d11881751-Reviews-Cocktail_Shisha_Bar_Lounge-Lisbon_Lisbon_District_Central_Portugal.html
13287,d8024483,/Restaurant_Review-g187147-d8024483-Reviews-Ganesha_Corner-Paris_Ile_de_France.html
13288,d10516108,/Restaurant_Review-g187323-d10516108-Reviews-Bar_Nachbeben-Berlin.html
13289,d7812170,/Restaurant_Review-g187791-d7812170-Reviews-La_Bottega_Del_Grano-Rome_Lazio.html
13290,d12832850,/Restaurant_Review-g190479-d12832850-Reviews-Byens_Beste_Polser-Oslo_Eastern_Norway.html
13291,d5981537,/Restaurant_Review-g187147-d5981537-Reviews-Monteko_Cafe-Paris_Ile_de_France.html
13292,d952071,/Restaurant_Review-g274887-d952071-Reviews-Menta_Terasz-Budapest_Central_Hungary.html
13293,d2386260,/Restaurant_Review-g187791-d2386260-Reviews-Taberna_Recina-Rome_Lazio.html
13294,d8766842,/Restaurant_Review-g186338-d8766842-Reviews-The_New_Zealand_Cellar-London_England.html
13295,d12652378,/Restaurant_Review-g187514-d12652378-Reviews-Pizzeria_Vivace-Madrid.html
13296,d10287073,/Restaurant_Review-g186338-d10287073-Reviews-Rosie_Tate_Cafe-London_England.html
13297,d12492149,/Restaurant_Review-g274707-d12492149-Reviews-Ryze_Korean_restaurant_Prague-Prague_Bohemia.html
13298,d793674,/Restaurant_Review-g186338-d793674-Reviews-Zilli_Cafe-London_England.html
13299,d13272833,/Restaurant_Review-g189934-d13272833-Reviews-Galleria_Rupla-Helsinki_Uusimaa.html
13300,d7379118,/Restaurant_Review-g190454-d7379118-Reviews-Michele-Vienna.html
13301,d798403,/Restaurant_Review-g187147-d798403-Reviews-TAGADA_BAR-Paris_Ile_de_France.html
13302,d4274895,/Restaurant_Review-g186338-d4274895-Reviews-Manners_Cafe-London_England.html
13303,d7213448,/Restaurant_Review-g189852-d7213448-Reviews-Grondals_Deli-Stockholm.html
13304,d1344512,/Restaurant_Review-g187331-d1344512-Reviews-Restaurant_La_Prego-Hamburg.html
13305,d5776346,/Restaurant_Review-g187514-d5776346-Reviews-L_Escampreru-Madrid.html
13306,d10059160,/Restaurant_Review-g188113-d10059160-Reviews-Restaurant_Riedbach-Zurich.html
13307,d7298618,/Restaurant_Review-g186338-d7298618-Reviews-Bama_Chicken_n_Pizza-London_England.html
13308,d1510661,/Restaurant_Review-g188644-d1510661-Reviews-Sultans_of_Kebab-Brussels.html
13309,d953229,/Restaurant_Review-g187309-d953229-Reviews-Wirtshaus_im_Schlachthof-Munich_Upper_Bavaria_Bavaria.html
13310,d12091192,/Restaurant_Review-g190356-d12091192-Reviews-LeneLife-Luxembourg_City.html
13311,d12012215,/Restaurant_Review-g189400-d12012215-Reviews-Roka_Rodi-Athens_Attica.html
13312,d8483258,/Restaurant_Review-g187514-d8483258-Reviews-Cerveceria_Polar-Madrid.html
13313,d12404722,/Restaurant_Review-g274772-d12404722-Reviews-Ranny_Ptaszek-Krakow_Lesser_Poland_Province_Southern_Poland.html
13314,d3791734,/Restaurant_Review-g187147-d3791734-Reviews-Chez_Vero-Paris_Ile_de_France.html
13315,d1380794,/Restaurant_Review-g186338-d1380794-Reviews-Silver_Sturgeon-London_England.html
13316,d5986466,/Restaurant_Review-g190454-d5986466-Reviews-Cafe_Else-Vienna.html
13317,d12139740,/Restaurant_Review-g187147-d12139740-Reviews-Restaurant_Le_Jardin-Paris_Ile_de_France.html
13318,d8433896,/Restaurant_Review-g187497-d8433896-Reviews-Sanabria-Barcelona_Catalonia.html
13319,d7792371,/Restaurant_Review-g189158-d7792371-Reviews-Novo_Dia-Lisbon_Lisbon_District_Central_Portugal.html
13320,d5103781,/Restaurant_Review-g186338-d5103781-Reviews-All_Star_Lanes_Stratford-London_England.html
13321,d7991979,/Restaurant_Review-g189158-d7991979-Reviews-BacoAlto-Lisbon_Lisbon_District_Central_Portugal.html
13322,d10480694,/Restaurant_Review-g187497-d10480694-Reviews-CheongWaDae-Barcelona_Catalonia.html
13323,d12148033,/Restaurant_Review-g187331-d12148033-Reviews-Grossmutters_Lacheln-Hamburg.html
13324,d7132797,/Restaurant_Review-g188590-d7132797-Reviews-Maxi_Steaks-Amsterdam_North_Holland_Province.html
13325,d816167,/Restaurant_Review-g188113-d816167-Reviews-Thai_Food_Express-Zurich.html
13326,d4294365,/Restaurant_Review-g187497-d4294365-Reviews-La_Crema-Barcelona_Catalonia.html
13327,d5962110,/Restaurant_Review-g189158-d5962110-Reviews-Pizzaria_do_Bairro-Lisbon_Lisbon_District_Central_Portugal.html
13328,d1018076,/Restaurant_Review-g187265-d1018076-Reviews-Riviere_Kwai-Lyon_Rhone_Auvergne_Rhone_Alpes.html
13329,d12895543,/Restaurant_Review-g186338-d12895543-Reviews-The_Camden_Assembly-London_England.html
13330,d2254421,/Restaurant_Review-g188590-d2254421-Reviews-Tashi_Deleg-Amsterdam_North_Holland_Province.html
13331,d3596569,/Restaurant_Review-g187147-d3596569-Reviews-Awabi-Paris_Ile_de_France.html
13332,d697842,/Restaurant_Review-g188113-d697842-Reviews-Ginger-Zurich.html
13333,d1356039,/Restaurant_Review-g187331-d1356039-Reviews-Kolonialwaren_Cafe_am_Fleet-Hamburg.html
13334,d4323301,/Restaurant_Review-g189400-d4323301-Reviews-Mastra-Athens_Attica.html
13335,d10729817,/Restaurant_Review-g187147-d10729817-Reviews-Le_Jardin_Municipal-Paris_Ile_de_France.html
13336,d3670836,/Restaurant_Review-g189541-d3670836-Reviews-Ved_Stranden_10-Copenhagen_Zealand.html
13337,d9740009,/Restaurant_Review-g187849-d9740009-Reviews-Richmond_Cafe-Milan_Lombardy.html
13338,d7724709,/Restaurant_Review-g187147-d7724709-Reviews-A_Jean_Nicot-Paris_Ile_de_France.html
13339,d8498144,/Restaurant_Review-g186338-d8498144-Reviews-The_Windmill_Pub-London_England.html
13340,d945077,/Restaurant_Review-g187791-d945077-Reviews-Mario-Rome_Lazio.html
13341,d9978806,/Restaurant_Review-g187514-d9978806-Reviews-A_Veira_do_Mar-Madrid.html
13342,d12137815,/Restaurant_Review-g186525-d12137815-Reviews-Cafe_ONC-Edinburgh_Scotland.html
13343,d9875523,/Restaurant_Review-g187791-d9875523-Reviews-La_Bottega_di_Merlino-Rome_Lazio.html
13344,d2705977,/Restaurant_Review-g187514-d2705977-Reviews-La_Cazuela_Del_Trampas-Madrid.html
13345,d4799384,/Restaurant_Review-g187497-d4799384-Reviews-Public_Cafe-Barcelona_Catalonia.html
13346,d4023195,/Restaurant_Review-g187849-d4023195-Reviews-Pizzamente_pizza-Milan_Lombardy.html
13347,d6648915,/Restaurant_Review-g186338-d6648915-Reviews-Dom_s_Place-London_England.html
13348,d4607083,/Restaurant_Review-g186338-d4607083-Reviews-Le_Delice-London_England.html
13349,d13312967,/Restaurant_Review-g187849-d13312967-Reviews-Taverna_Visconti-Milan_Lombardy.html
13350,d12828679,/Restaurant_Review-g188590-d12828679-Reviews-Cafe_Restaurant_Heffer-Amsterdam_North_Holland_Province.html
13351,d12500076,/Restaurant_Review-g187147-d12500076-Reviews-Glacier_Pierre_Geronimi-Paris_Ile_de_France.html
13352,d8655405,/Restaurant_Review-g189158-d8655405-Reviews-Cafe_Com_Calma-Lisbon_Lisbon_District_Central_Portugal.html
13353,d800704,/Restaurant_Review-g187791-d800704-Reviews-Isola_Puket-Rome_Lazio.html
13354,d4133883,/Restaurant_Review-g186338-d4133883-Reviews-Cornerstone_Cafe-London_England.html
13355,d794651,/Restaurant_Review-g187147-d794651-Reviews-Charlie_Birdy-Paris_Ile_de_France.html
13356,d695240,/Restaurant_Review-g187147-d695240-Reviews-Cafe_Beaubourg-Paris_Ile_de_France.html
13357,d5822444,/Restaurant_Review-g187323-d5822444-Reviews-D_NER67-Berlin.html
13358,d2708544,/Restaurant_Review-g187514-d2708544-Reviews-Pecado_Carnal-Madrid.html
13359,d7804407,/Restaurant_Review-g189541-d7804407-Reviews-The_Dubliner_Downtown-Copenhagen_Zealand.html
13360,d10595169,/Restaurant_Review-g187791-d10595169-Reviews-Xtra_One_Coffee-Rome_Lazio.html
13361,d2361194,/Restaurant_Review-g187323-d2361194-Reviews-Ristorante_Pizzeria_Toscane-Berlin.html
13362,d8020843,/Restaurant_Review-g187147-d8020843-Reviews-Paul-Paris_Ile_de_France.html
13363,d6563805,/Restaurant_Review-g187514-d6563805-Reviews-CAFE_TAPAS_PLAZA_MAYOR-Madrid.html
13364,d4291490,/Restaurant_Review-g187497-d4291490-Reviews-El_Raco_de_l_opa-Barcelona_Catalonia.html
13365,d12535534,/Restaurant_Review-g187309-d12535534-Reviews-Shotgun_Sister-Munich_Upper_Bavaria_Bavaria.html
13366,d12958448,/Restaurant_Review-g187791-d12958448-Reviews-Ravioleria_Oggi-Rome_Lazio.html
13367,d1812281,/Restaurant_Review-g274707-d1812281-Reviews-El_Emir-Prague_Bohemia.html
13368,d8664433,/Restaurant_Review-g187147-d8664433-Reviews-Bagelstein-Paris_Ile_de_France.html
13369,d2222863,/Restaurant_Review-g187514-d2222863-Reviews-Tablao_Flamenco_Villa_Rosa-Madrid.html
13370,d3813801,/Restaurant_Review-g187323-d3813801-Reviews-Driss_Im_Wunderland-Berlin.html
13371,d5098584,/Restaurant_Review-g186338-d5098584-Reviews-Subway-London_England.html
13372,d12112464,/Restaurant_Review-g187147-d12112464-Reviews-Saint_George_Kebab-Paris_Ile_de_France.html
13373,d3626857,/Restaurant_Review-g187791-d3626857-Reviews-Barnum_Cafe-Rome_Lazio.html
13374,d2190971,/Restaurant_Review-g186338-d2190971-Reviews-Wok_to_Walk_Great_Windmill_St-London_England.html
13375,d2310319,/Restaurant_Review-g187147-d2310319-Reviews-Pizza_La_Sirena-Paris_Ile_de_France.html
13376,d8521635,/Restaurant_Review-g186605-d8521635-Reviews-Green_Man_Wines-Dublin_County_Dublin.html
13377,d12633498,/Restaurant_Review-g189400-d12633498-Reviews-Olive_Oil_Oregano-Athens_Attica.html
13378,d7123505,/Restaurant_Review-g274707-d7123505-Reviews-Maly_Budha-Prague_Bohemia.html
13379,d4558710,/Restaurant_Review-g189400-d4558710-Reviews-Lucafe-Athens_Attica.html
13380,d3940649,/Restaurant_Review-g187497-d3940649-Reviews-Pancomido-Barcelona_Catalonia.html
13381,d10125029,/Restaurant_Review-g274772-d10125029-Reviews-Telepizza_Piwna_27-Krakow_Lesser_Poland_Province_Southern_Poland.html
13382,d3369588,/Restaurant_Review-g188644-d3369588-Reviews-Fleurs_de_Menthe-Brussels.html
13383,d1699777,/Restaurant_Review-g186525-d1699777-Reviews-St_Giles_Cathedral_Cafe-Edinburgh_Scotland.html
13384,d12416191,/Restaurant_Review-g189934-d12416191-Reviews-Hunaja_Cafe_Oy-Helsinki_Uusimaa.html
13385,d4698107,/Restaurant_Review-g187147-d4698107-Reviews-Lazare-Paris_Ile_de_France.html
13386,d12851628,/Restaurant_Review-g187514-d12851628-Reviews-Casa_Nemesia-Madrid.html
13387,d11921282,/Restaurant_Review-g187514-d11921282-Reviews-La_Familia-Madrid.html
13388,d2168139,/Restaurant_Review-g189400-d2168139-Reviews-Funky_Gourmet-Athens_Attica.html
13389,d12674388,/Restaurant_Review-g186605-d12674388-Reviews-Chipmongers-Dublin_County_Dublin.html
13390,d8515491,/Restaurant_Review-g806262-d8515491-Reviews-Petit_Pate-Frederiksberg_Copenhagen_Zealand.html
13391,d12404593,/Restaurant_Review-g187497-d12404593-Reviews-Caffe_Mono-Barcelona_Catalonia.html
13392,d788839,/Restaurant_Review-g188057-d788839-Reviews-Restaurant_La_Printaniere-Geneva.html
13393,d10782288,/Restaurant_Review-g186338-d10782288-Reviews-Venice_Cafe-London_England.html
13394,d9454772,/Restaurant_Review-g186338-d9454772-Reviews-Ergon-London_England.html
13395,d8601869,/Restaurant_Review-g189852-d8601869-Reviews-Twang-Stockholm.html
13396,d8513186,/Restaurant_Review-g187791-d8513186-Reviews-Pizza_Fantasy-Rome_Lazio.html
13397,d9777166,/Restaurant_Review-g187147-d9777166-Reviews-Table_d_Hugo_Desnoyer_a_Secretan-Paris_Ile_de_France.html
13398,d8548789,/Restaurant_Review-g189180-d8548789-Reviews-Pateo_de_Tanger-Porto_Porto_District_Northern_Portugal.html
13399,d7648873,/Restaurant_Review-g274707-d7648873-Reviews-Fabbricia-Prague_Bohemia.html
13400,d1996968,/Restaurant_Review-g190356-d1996968-Reviews-Tandoori_Restaurant-Luxembourg_City.html
13401,d5612536,/Restaurant_Review-g274856-d5612536-Reviews-Manekin-Warsaw_Mazovia_Province_Central_Poland.html
13402,d12451725,/Restaurant_Review-g187323-d12451725-Reviews-Cafe_Mimosa-Berlin.html
13403,d5984616,/Restaurant_Review-g187147-d5984616-Reviews-Auteuil_Brasserie-Paris_Ile_de_France.html
13404,d5508176,/Restaurant_Review-g189852-d5508176-Reviews-Brick_No_6-Stockholm.html
13405,d2441964,/Restaurant_Review-g187791-d2441964-Reviews-Pizzeria_Stravinskij-Rome_Lazio.html
13406,d12695194,/Restaurant_Review-g187497-d12695194-Reviews-El_Desvan-Barcelona_Catalonia.html
13407,d6945314,/Restaurant_Review-g186605-d6945314-Reviews-HaiLan_Korean_Restaurant-Dublin_County_Dublin.html
13408,d2189116,/Restaurant_Review-g187791-d2189116-Reviews-Charlie_Vini_e_Cucina-Rome_Lazio.html
13409,d7369211,/Restaurant_Review-g187323-d7369211-Reviews-Pagashi_Luu-Berlin.html
13410,d11920815,/Restaurant_Review-g187514-d11920815-Reviews-VinoPremier-Madrid.html
13411,d4432500,/Restaurant_Review-g187791-d4432500-Reviews-La_Dispensa_Pani_Dolci_E_Take_away-Rome_Lazio.html
13412,d949549,/Restaurant_Review-g186605-d949549-Reviews-Havana_Tapas_Bar-Dublin_County_Dublin.html
13413,d10465773,/Restaurant_Review-g188590-d10465773-Reviews-Eetcafe_De_Avonden-Amsterdam_North_Holland_Province.html
13414,d3735886,/Restaurant_Review-g189158-d3735886-Reviews-Chimarrao-Lisbon_Lisbon_District_Central_Portugal.html
13415,d782252,/Restaurant_Review-g187147-d782252-Reviews-Le_Petit_Village-Paris_Ile_de_France.html
13416,d780743,/Restaurant_Review-g187147-d780743-Reviews-Finzi_Restaurant_Traiteur_Italien-Paris_Ile_de_France.html
13417,d10479817,/Restaurant_Review-g187514-d10479817-Reviews-La_Salita_de_Feito_Rio-Madrid.html
13418,d3486958,/Restaurant_Review-g1136501-d3486958-Reviews-Le_Taj-Saint_Gilles_Brussels.html
13419,d6654160,/Restaurant_Review-g186338-d6654160-Reviews-Olive_Cafe-London_England.html
13420,d5505221,/Restaurant_Review-g187497-d5505221-Reviews-La_Fromagerie-Barcelona_Catalonia.html
13421,d1205582,/Restaurant_Review-g186338-d1205582-Reviews-Trishna-London_England.html
13422,d3973121,/Restaurant_Review-g274856-d3973121-Reviews-Restauracja_Vivandier-Warsaw_Mazovia_Province_Central_Poland.html
13423,d1229708,/Restaurant_Review-g190356-d1229708-Reviews-Sushi_Shop-Luxembourg_City.html
13424,d2199569,/Restaurant_Review-g186338-d2199569-Reviews-Seafood_Bar-London_England.html
13425,d2085637,/Restaurant_Review-g187147-d2085637-Reviews-Le_Restaurant_des_Poetes-Paris_Ile_de_France.html
13426,d7187329,/Restaurant_Review-g187497-d7187329-Reviews-Bar_Restaurante_Pata_Negra-Barcelona_Catalonia.html
13427,d3859647,/Restaurant_Review-g186338-d3859647-Reviews-Greenfield_s_Sandwich_Emporium_Cafe-London_England.html
13428,d3677699,/Restaurant_Review-g190479-d3677699-Reviews-Vespa_Humla-Oslo_Eastern_Norway.html
13429,d10735338,/Restaurant_Review-g189158-d10735338-Reviews-L_Anisette-Lisbon_Lisbon_District_Central_Portugal.html
13430,d3431455,/Restaurant_Review-g187849-d3431455-Reviews-Piadina_di_Piu-Milan_Lombardy.html
13431,d1319739,/Restaurant_Review-g187791-d1319739-Reviews-Da_Olimpio-Rome_Lazio.html
13432,d3529822,/Restaurant_Review-g189852-d3529822-Reviews-Pizzeria_Gyllenstiernan-Stockholm.html
13433,d12946595,/Restaurant_Review-g187849-d12946595-Reviews-This_is_Not_a_Sushibar-Milan_Lombardy.html
13434,d12926154,/Restaurant_Review-g274856-d12926154-Reviews-Green_Cafe_Nero-Warsaw_Mazovia_Province_Central_Poland.html
13435,d7993583,/Restaurant_Review-g187497-d7993583-Reviews-Rias_Gallegas-Barcelona_Catalonia.html
13436,d8272707,/Restaurant_Review-g187514-d8272707-Reviews-Ole_Restaurante_Cazuelas_y_Tapas-Madrid.html
13437,d2616667,/Restaurant_Review-g189158-d2616667-Reviews-Petra_Rio-Lisbon_Lisbon_District_Central_Portugal.html
13438,d7249764,/Restaurant_Review-g187514-d7249764-Reviews-La_casina_III-Madrid.html
13439,d13197442,/Restaurant_Review-g274707-d13197442-Reviews-Tom_s_Burger-Prague_Bohemia.html
13440,d12611014,/Restaurant_Review-g186605-d12611014-Reviews-Jasmine_Bar_and_Cafe_Lounge-Dublin_County_Dublin.html
13441,d8758151,/Restaurant_Review-g187331-d8758151-Reviews-Chutney_Indische_Spezialitaten-Hamburg.html
13442,d4414353,/Restaurant_Review-g187849-d4414353-Reviews-Scriptorium_Cafe-Milan_Lombardy.html
13443,d12388295,/Restaurant_Review-g187497-d12388295-Reviews-El_Mimat-Barcelona_Catalonia.html
13444,d6716204,/Restaurant_Review-g187514-d6716204-Reviews-Global_Cafe_Hotel_Husa_Princesa-Madrid.html
13445,d4505975,/Restaurant_Review-g186605-d4505975-Reviews-Reeves-Dublin_County_Dublin.html
13446,d9806534,/Restaurant_Review-g187147-d9806534-Reviews-ASPIC-Paris_Ile_de_France.html
13447,d6436929,/Restaurant_Review-g186338-d6436929-Reviews-Tamarind-London_England.html
13448,d7599342,/Restaurant_Review-g188590-d7599342-Reviews-Burgerfabriek-Amsterdam_North_Holland_Province.html
13449,d3687309,/Restaurant_Review-g188644-d3687309-Reviews-Bouche_a_Oreille-Brussels.html
13450,d3932581,/Restaurant_Review-g186338-d3932581-Reviews-Melrose_and_Morgan-London_England.html
13451,d8435386,/Restaurant_Review-g189400-d8435386-Reviews-To_Spitiko-Athens_Attica.html
13452,d7827375,/Restaurant_Review-g274772-d7827375-Reviews-Meho_Cafe_Bar_Garden-Krakow_Lesser_Poland_Province_Southern_Poland.html
13453,d11918709,/Restaurant_Review-g187497-d11918709-Reviews-El_Rancho-Barcelona_Catalonia.html
13454,d5864336,/Restaurant_Review-g187497-d5864336-Reviews-La_Cooperativa-Barcelona_Catalonia.html
13455,d2270809,/Restaurant_Review-g274887-d2270809-Reviews-Royal_Cukraszda_Budapest-Budapest_Central_Hungary.html
13456,d1372853,/Restaurant_Review-g190479-d1372853-Reviews-Hells_Kitchen-Oslo_Eastern_Norway.html
13457,d958915,/Restaurant_Review-g187323-d958915-Reviews-Weisses_Rossl-Berlin.html
13458,d10212431,/Restaurant_Review-g189852-d10212431-Reviews-WKB_Gardet-Stockholm.html
13459,d5848220,/Restaurant_Review-g187849-d5848220-Reviews-Zoppi_Giuseppe_e_Gallotti_Carlo-Milan_Lombardy.html
13460,d13074167,/Restaurant_Review-g187514-d13074167-Reviews-Vip_Maria_Bar-Madrid.html
13461,d2060475,/Restaurant_Review-g187147-d2060475-Reviews-Abradavio-Paris_Ile_de_France.html
13462,d8733885,/Restaurant_Review-g186525-d8733885-Reviews-KFC-Edinburgh_Scotland.html
13463,d8029215,/Restaurant_Review-g190454-d8029215-Reviews-Flamingo_Kuchelau-Vienna.html
13464,d10374419,/Restaurant_Review-g190454-d10374419-Reviews-Mary_the_Fairy-Vienna.html
13465,d8665104,/Restaurant_Review-g274856-d8665104-Reviews-Toum-Warsaw_Mazovia_Province_Central_Poland.html
13466,d2168879,/Restaurant_Review-g274887-d2168879-Reviews-Aranyhid_Etterem-Budapest_Central_Hungary.html
13467,d4226191,/Restaurant_Review-g187323-d4226191-Reviews-Bonnie_Clyde-Berlin.html
13468,d8650827,/Restaurant_Review-g190356-d8650827-Reviews-La_Cusquenita-Luxembourg_City.html
13469,d4059075,/Restaurant_Review-g186338-d4059075-Reviews-Mr_Sushi-London_England.html
13470,d12306424,/Restaurant_Review-g186338-d12306424-Reviews-Gozleme_House-London_England.html
13471,d2489584,/Restaurant_Review-g190454-d2489584-Reviews-Abseit-Vienna.html
13472,d4979355,/Restaurant_Review-g188590-d4979355-Reviews-De_Proeverij_Landmarkt-Amsterdam_North_Holland_Province.html
13473,d1499206,/Restaurant_Review-g186525-d1499206-Reviews-L_Escargot_Bleu_Restaurant-Edinburgh_Scotland.html
13474,d10358373,/Restaurant_Review-g188644-d10358373-Reviews-La_Boule_Bleue-Brussels.html
13475,d12933081,/Restaurant_Review-g187265-d12933081-Reviews-Harvest_Cuisine-Lyon_Rhone_Auvergne_Rhone_Alpes.html
13476,d10820981,/Restaurant_Review-g188057-d10820981-Reviews-GTR-Geneva.html
13477,d12320431,/Restaurant_Review-g187147-d12320431-Reviews-Pic_Nic-Paris_Ile_de_France.html
13478,d8365400,/Restaurant_Review-g274856-d8365400-Reviews-Eksperyment-Warsaw_Mazovia_Province_Central_Poland.html
13479,d6892627,/Restaurant_Review-g186338-d6892627-Reviews-The_Moon_Under_Water-London_England.html
13480,d5884328,/Restaurant_Review-g187497-d5884328-Reviews-El_Cami_de_Lesglesia-Barcelona_Catalonia.html
13481,d4756026,/Restaurant_Review-g187147-d4756026-Reviews-Blend_Hamburger_Beaumarchais-Paris_Ile_de_France.html
13482,d4830926,/Restaurant_Review-g187514-d4830926-Reviews-Kcopas-Madrid.html
13483,d12965860,/Restaurant_Review-g186525-d12965860-Reviews-East_Pizzas-Edinburgh_Scotland.html
13484,d2012103,/Restaurant_Review-g186338-d2012103-Reviews-Elementree-London_England.html
13485,d1673000,/Restaurant_Review-g190454-d1673000-Reviews-Stella_Marina-Vienna.html
13486,d8461972,/Restaurant_Review-g186338-d8461972-Reviews-Lucy_1st-London_England.html
13487,d7691348,/Restaurant_Review-g187497-d7691348-Reviews-Rest_La_Quemada-Barcelona_Catalonia.html
13488,d2208694,/Restaurant_Review-g190454-d2208694-Reviews-Roter_Hiasl-Vienna.html
13489,d1354728,/Restaurant_Review-g187309-d1354728-Reviews-Nockerstuberl-Munich_Upper_Bavaria_Bavaria.html
13490,d5558301,/Restaurant_Review-g187147-d5558301-Reviews-Bronco-Paris_Ile_de_France.html
13491,d1418274,/Restaurant_Review-g187514-d1418274-Reviews-The_Modern_Dining_Room-Madrid.html
13492,d6528745,/Restaurant_Review-g187849-d6528745-Reviews-La_Trattoria_Km1-Milan_Lombardy.html
13493,d12980375,/Restaurant_Review-g190454-d12980375-Reviews-Kurparkdiele_Oberlaa-Vienna.html
13494,d12165888,/Restaurant_Review-g186338-d12165888-Reviews-Bombay_Mix-London_England.html
13495,d680476,/Restaurant_Review-g186338-d680476-Reviews-Imperial_China-London_England.html
13496,d7095002,/Restaurant_Review-g187147-d7095002-Reviews-Pages-Paris_Ile_de_France.html
13497,d12130296,/Restaurant_Review-g187849-d12130296-Reviews-Vale_Sushi-Milan_Lombardy.html
13498,d5776298,/Restaurant_Review-g187514-d5776298-Reviews-El_Paisano-Madrid.html
13499,d13186588,/Restaurant_Review-g187514-d13186588-Reviews-Amores_Perros_Madrid-Madrid.html
13500,d4768506,/Restaurant_Review-g274707-d4768506-Reviews-Restaurant_Black_Bridge-Prague_Bohemia.html
13501,d7789995,/Restaurant_Review-g186338-d7789995-Reviews-Da_Vinci-London_England.html
13502,d5581008,/Restaurant_Review-g187331-d5581008-Reviews-Cafe_Liebling-Hamburg.html
13503,d8064871,/Restaurant_Review-g187849-d8064871-Reviews-Suki_Sushi-Milan_Lombardy.html
