125000,d6900432,/Restaurant_Review-g188113-d6900432-Reviews-Regenbogenbar-Zurich.html
125001,d1962659,/Restaurant_Review-g188113-d1962659-Reviews-IQ_Bar-Zurich.html
125002,d2703538,/Restaurant_Review-g227102-d2703538-Reviews-Confiserie_Tea_Room_Kunzli-Opfikon_Zurich.html
125003,d2174323,/Restaurant_Review-g188113-d2174323-Reviews-Espressino_due-Zurich.html
125004,d12242983,/Restaurant_Review-g188113-d12242983-Reviews-Babi_s_Bagel_Shop-Zurich.html
125005,d8614570,/Restaurant_Review-g188113-d8614570-Reviews-Not_Guilty-Zurich.html
125006,d1471820,/Restaurant_Review-g188113-d1471820-Reviews-Sam_s_Pizza_Land-Zurich.html
125007,d10269368,/Restaurant_Review-g188113-d10269368-Reviews-Bar_am_Egge-Zurich.html
125008,d4149153,/Restaurant_Review-g188113-d4149153-Reviews-Crown_of_India-Zurich.html
125009,d4401488,/Restaurant_Review-g188113-d4401488-Reviews-Morgenstern_Restaurant_da_Mario_Caracuta-Zurich.html
125010,d4366855,/Restaurant_Review-g188113-d4366855-Reviews-Hafen_Enge_Beiz-Zurich.html
125011,d9751234,/Restaurant_Review-g1463437-d9751234-Reviews-Tomate-Adliswil_Zurich.html
125012,d2420153,/Restaurant_Review-g188113-d2420153-Reviews-Bar_Basso-Zurich.html
125013,d9459057,/Restaurant_Review-g188113-d9459057-Reviews-Tant_Pis-Zurich.html
125014,d4039215,/Restaurant_Review-g188113-d4039215-Reviews-Swaad-Zurich.html
125015,d8834223,/Restaurant_Review-g227102-d8834223-Reviews-Lemon_Food_and_Drinks-Opfikon_Zurich.html
125016,d6525554,/Restaurant_Review-g188113-d6525554-Reviews-Ristorante_Capri-Zurich.html
125017,d7284468,/Restaurant_Review-g188113-d7284468-Reviews-Restaurant_Sonne-Zurich.html
125018,d4800392,/Restaurant_Review-g188113-d4800392-Reviews-Hotel_City_Restaurant-Zurich.html
125019,d11945880,/Restaurant_Review-g188113-d11945880-Reviews-Startbucks-Zurich.html
125020,d1791244,/Restaurant_Review-g188113-d1791244-Reviews-Bellevue_Deli-Zurich.html
125021,d932821,/Restaurant_Review-g188113-d932821-Reviews-Bamboo_Inn-Zurich.html
125022,d7187511,/Restaurant_Review-g188113-d7187511-Reviews-Canzoniere-Zurich.html
125023,d6780653,/Restaurant_Review-g188113-d6780653-Reviews-MumSabai-Zurich.html
125024,d12955520,/Restaurant_Review-g188113-d12955520-Reviews-Backerei_Cafe_Mattenhof-Zurich.html
125025,d2129617,/Restaurant_Review-g188113-d2129617-Reviews-Tomate_Seebach-Zurich.html
125026,d10663008,/Restaurant_Review-g188113-d10663008-Reviews-Kafi_Zueri-Zurich.html
125027,d11953064,/Restaurant_Review-g188113-d11953064-Reviews-La_Bottega-Zurich.html
125028,d12368023,/Restaurant_Review-g188113-d12368023-Reviews-Marche_Express_Zurich_HB-Zurich.html
125029,d7316936,/Restaurant_Review-g188113-d7316936-Reviews-Sasou_Saftbar-Zurich.html
125030,d1228050,/Restaurant_Review-g188113-d1228050-Reviews-Casa_Mia-Zurich.html
125031,d6672848,/Restaurant_Review-g188113-d6672848-Reviews-D_Vino_Weinbars-Zurich.html
125032,d1095195,/Restaurant_Review-g188113-d1095195-Reviews-Db_drinxbar-Zurich.html
125033,d8505903,/Restaurant_Review-g188113-d8505903-Reviews-Residenz_Cafe-Zurich.html
125034,d816167,/Restaurant_Review-g188113-d816167-Reviews-Thai_Food_Express-Zurich.html
125035,d12856029,/Restaurant_Review-g188113-d12856029-Reviews-So-Zurich.html
125036,d6618795,/Restaurant_Review-g188113-d6618795-Reviews-Azzurro_Take_Away_und_Delikatessen-Zurich.html
125037,d1462365,/Restaurant_Review-g1463437-d1462365-Reviews-China_Restaurant_ZEN-Adliswil_Zurich.html
125038,d1496904,/Restaurant_Review-g188113-d1496904-Reviews-The_Alden_Restaurant-Zurich.html
125039,d1872809,/Restaurant_Review-g188113-d1872809-Reviews-Ristorante_Pizzeria_99-Zurich.html
125040,d9743458,/Restaurant_Review-g188113-d9743458-Reviews-Montblack_Cocktail_Bar-Zurich.html
125041,d2201690,/Restaurant_Review-g188113-d2201690-Reviews-La_Penisola-Zurich.html
125042,d2248857,/Restaurant_Review-g188113-d2248857-Reviews-Subway-Zurich.html
125043,d810701,/Restaurant_Review-g188113-d810701-Reviews-Restaurant_Bernerhof-Zurich.html
125044,d9754235,/Restaurant_Review-g188113-d9754235-Reviews-Inter_Venus-Zurich.html
125045,d2512839,/Restaurant_Review-g188113-d2512839-Reviews-Simply_Soup-Zurich.html
125046,d8500538,/Restaurant_Review-g188113-d8500538-Reviews-McDonald_s-Zurich.html
125047,d1178124,/Restaurant_Review-g188113-d1178124-Reviews-Brasserie_Schiller-Zurich.html
125048,d2546582,/Restaurant_Review-g188113-d2546582-Reviews-Silberkugel-Zurich.html
125049,d4149149,/Restaurant_Review-g188113-d4149149-Reviews-Cube-Zurich.html
125050,d2264999,/Restaurant_Review-g188113-d2264999-Reviews-Sher_E_Punjab-Zurich.html
125051,d8574550,/Restaurant_Review-g188113-d8574550-Reviews-Basilikum_Blumen-Zurich.html
125052,d4798994,/Restaurant_Review-g188113-d4798994-Reviews-Hotel_Restaurant_Frieden_Grafstal_CH-Zurich.html
125053,d900441,/Restaurant_Review-g188113-d900441-Reviews-Acqua-Zurich.html
125054,d1221094,/Restaurant_Review-g188113-d1221094-Reviews-University_of_Zurich_restaurant-Zurich.html
125055,d7618480,/Restaurant_Review-g188113-d7618480-Reviews-Vagabundo-Zurich.html
125056,d7886938,/Restaurant_Review-g188113-d7886938-Reviews-Restaurant_Porte_du_Soleil-Zurich.html
125057,d3694485,/Restaurant_Review-g1463437-d3694485-Reviews-Wachtstubli-Adliswil_Zurich.html
125058,d4149222,/Restaurant_Review-g188113-d4149222-Reviews-Eglihof-Zurich.html
125059,d8285306,/Restaurant_Review-g227102-d8285306-Reviews-Yu_Sushi-Opfikon_Zurich.html
125060,d2167575,/Restaurant_Review-g188113-d2167575-Reviews-Spectaturs-Zurich.html
125061,d1471819,/Restaurant_Review-g188113-d1471819-Reviews-Lotus_Garden-Zurich.html
125062,d4506323,/Restaurant_Review-g188113-d4506323-Reviews-Peking_Garden-Zurich.html
125063,d3589727,/Restaurant_Review-g188113-d3589727-Reviews-Restaurant_Karl-Zurich.html
125064,d7322685,/Restaurant_Review-g188113-d7322685-Reviews-Central-Zurich.html
125065,d4268183,/Restaurant_Review-g188113-d4268183-Reviews-Restaurant_Oval-Zurich.html
125066,d4170110,/Restaurant_Review-g188113-d4170110-Reviews-Lucid_American_Bar-Zurich.html
125067,d1122503,/Restaurant_Review-g188113-d1122503-Reviews-VIPASA-Zurich.html
125068,d3328696,/Restaurant_Review-g188113-d3328696-Reviews-Cafe_Bar_Nordbrucke-Zurich.html
125069,d6838663,/Restaurant_Review-g188113-d6838663-Reviews-Piazza-Zurich.html
125070,d1232858,/Restaurant_Review-g188113-d1232858-Reviews-Berta_Bar_Cafe-Zurich.html
125071,d9712321,/Restaurant_Review-g188113-d9712321-Reviews-Tepe-Zurich.html
125072,d6206439,/Restaurant_Review-g188113-d6206439-Reviews-Blumen_Bar_Blumenkramer-Zurich.html
125073,d12197429,/Restaurant_Review-g188113-d12197429-Reviews-Burger_King-Zurich.html
125074,d9824796,/Restaurant_Review-g188113-d9824796-Reviews-My_Kebab-Zurich.html
125075,d7294511,/Restaurant_Review-g188113-d7294511-Reviews-Liquid_Bar-Zurich.html
125076,d6154489,/Restaurant_Review-g188113-d6154489-Reviews-Restaurant_St_Peter-Zurich.html
125077,d3181411,/Restaurant_Review-g188113-d3181411-Reviews-Petit_Saigon-Zurich.html
125078,d3687250,/Restaurant_Review-g188113-d3687250-Reviews-Loft_One-Zurich.html
125079,d1025140,/Restaurant_Review-g188113-d1025140-Reviews-Sterne_Foifi-Zurich.html
125080,d7018621,/Restaurant_Review-g188113-d7018621-Reviews-Ristorante_Del_Sole-Zurich.html
125081,d4108359,/Restaurant_Review-g188113-d4108359-Reviews-Lotus_Vietnam-Zurich.html
125082,d2650467,/Restaurant_Review-g188113-d2650467-Reviews-Cafe_Altstetten-Zurich.html
125083,d8704723,/Restaurant_Review-g188113-d8704723-Reviews-B_Good_Langstrasse-Zurich.html
125084,d6687234,/Restaurant_Review-g227102-d6687234-Reviews-Peking_Garden_Glattbrugg-Opfikon_Zurich.html
125085,d3398883,/Restaurant_Review-g188113-d3398883-Reviews-My_Place_Design_Coffee_Shop-Zurich.html
125086,d1846865,/Restaurant_Review-g188113-d1846865-Reviews-Franco_Pizza_Kurier_Zurich-Zurich.html
125087,d12453550,/Restaurant_Review-g188113-d12453550-Reviews-Marche-Zurich.html
125088,d4844365,/Restaurant_Review-g188113-d4844365-Reviews-8048_Restaurant_and_Bar-Zurich.html
125089,d3747829,/Restaurant_Review-g188113-d3747829-Reviews-Adler_Gasthof-Zurich.html
125090,d4993257,/Restaurant_Review-g188113-d4993257-Reviews-Swiss_Bistro-Zurich.html
125091,d2436494,/Restaurant_Review-g188113-d2436494-Reviews-Buonappetito-Zurich.html
125092,d4150602,/Restaurant_Review-g188113-d4150602-Reviews-Busi-Zurich.html
125093,d3192002,/Restaurant_Review-g188113-d3192002-Reviews-Thai_Bamboo-Zurich.html
125094,d10483488,/Restaurant_Review-g188113-d10483488-Reviews-Dr_Dog-Zurich.html
125095,d12216352,/Restaurant_Review-g188113-d12216352-Reviews-Bad_Hunter-Zurich.html
125096,d4233018,/Restaurant_Review-g188113-d4233018-Reviews-Dada_Bar-Zurich.html
125097,d2291655,/Restaurant_Review-g188113-d2291655-Reviews-Cucina_e_Libri-Zurich.html
125098,d8588634,/Restaurant_Review-g188113-d8588634-Reviews-Jurablick-Zurich.html
125099,d3611417,/Restaurant_Review-g188113-d3611417-Reviews-Chillies_Restaurant_Takeaway-Zurich.html
125100,d1159988,/Restaurant_Review-g188113-d1159988-Reviews-Kafi_Ferdinand-Zurich.html
125101,d12270129,/Restaurant_Review-g227102-d12270129-Reviews-Bannog_Thai_Take_away-Opfikon_Zurich.html
125102,d12295616,/Restaurant_Review-g188113-d12295616-Reviews-Kuhn_Bacherei_Cafe-Zurich.html
125103,d4149378,/Restaurant_Review-g188113-d4149378-Reviews-Guldner_Adler-Zurich.html
125104,d7199348,/Restaurant_Review-g188113-d7199348-Reviews-Pizzeria_Ararat_Take_Away_Pizza_Kebab-Zurich.html
125105,d6776593,/Restaurant_Review-g188113-d6776593-Reviews-Di_Gioia_Cafe-Zurich.html
125106,d1221245,/Restaurant_Review-g188113-d1221245-Reviews-University_of_Zurich_Irchel_restaurant-Zurich.html
125107,d2194706,/Restaurant_Review-g188113-d2194706-Reviews-Gasthof_Loewen-Zurich.html
125108,d11166069,/Restaurant_Review-g188113-d11166069-Reviews-Le_Liban_Chaikha_Take_Away-Zurich.html
125109,d3491528,/Restaurant_Review-g188113-d3491528-Reviews-Max_und_Moritz-Zurich.html
125110,d7223432,/Restaurant_Review-g188113-d7223432-Reviews-Bistro_Valentino_Pizza_Pasta-Zurich.html
125111,d2524862,/Restaurant_Review-g188113-d2524862-Reviews-Jacky_s_Wok-Zurich.html
125112,d1090155,/Restaurant_Review-g188113-d1090155-Reviews-Plusch-Zurich.html
125113,d10712194,/Restaurant_Review-g188113-d10712194-Reviews-Saftlade-Zurich.html
125114,d2153167,/Restaurant_Review-g188113-d2153167-Reviews-KREUZPLATZ_da_Palermo-Zurich.html
125115,d8041016,/Restaurant_Review-g188113-d8041016-Reviews-Cacciatore-Zurich.html
125116,d1025349,/Restaurant_Review-g188113-d1025349-Reviews-Gloria-Zurich.html
125117,d2084699,/Restaurant_Review-g188113-d2084699-Reviews-Europa-Zurich.html
125118,d8488256,/Restaurant_Review-g188113-d8488256-Reviews-Verdi_Grillhuus_Oerlike-Zurich.html
125119,d1120035,/Restaurant_Review-g188113-d1120035-Reviews-Zum_Roten_Kamel-Zurich.html
125120,d12532906,/Restaurant_Review-g188113-d12532906-Reviews-Letzi_Pizza-Zurich.html
125121,d12873507,/Restaurant_Review-g188113-d12873507-Reviews-Restaurant_Pizzeria_Romantica-Zurich.html
125122,d11826866,/Restaurant_Review-g188113-d11826866-Reviews-Restaurant_Blume-Zurich.html
125123,d10201940,/Restaurant_Review-g188113-d10201940-Reviews-Sonnendeck-Zurich.html
125124,d12655466,/Restaurant_Review-g188113-d12655466-Reviews-Restaurant_Chriesihoger-Zurich.html
125125,d12692931,/Restaurant_Review-g188113-d12692931-Reviews-Suan_Long_China_Restaurant-Zurich.html
125126,d10214281,/Restaurant_Review-g188113-d10214281-Reviews-Russo_Lebensmittel_Take_Away-Zurich.html
125127,d13135560,/Restaurant_Review-g188113-d13135560-Reviews-Gate_Gourmet-Zurich.html
125128,d787818,/Restaurant_Review-g188113-d787818-Reviews-Cemelli-Zurich.html
125129,d10836612,/Restaurant_Review-g188113-d10836612-Reviews-Golf_Adlisberg_Driving_Range-Zurich.html
125130,d6845355,/Restaurant_Review-g188113-d6845355-Reviews-Restaurant_Druckzentrum_Bubenberg-Zurich.html
125131,d1320175,/Restaurant_Review-g188113-d1320175-Reviews-Restaurant_Hotel_Chrueg-Zurich.html
125132,d13089823,/Restaurant_Review-g188113-d13089823-Reviews-Putput_Take_Away-Zurich.html
125133,d8332985,/Restaurant_Review-g188113-d8332985-Reviews-St_Jakob_Beck_Im_Viadukt-Zurich.html
125134,d8407902,/Restaurant_Review-g188113-d8407902-Reviews-Piazza_Bistra_Am_See-Zurich.html
125135,d9859960,/Restaurant_Review-g188113-d9859960-Reviews-Restaurant_Jungholz-Zurich.html
125136,d11726692,/Restaurant_Review-g188113-d11726692-Reviews-Lindenhof-Zurich.html
125137,d7079440,/Restaurant_Review-g188113-d7079440-Reviews-Restaurant_Medina-Zurich.html
125138,d13286261,/Restaurant_Review-g188113-d13286261-Reviews-Oberhof-Zurich.html
125139,d11903825,/Restaurant_Review-g188113-d11903825-Reviews-Zuri_Bistro-Zurich.html
125140,d10593719,/Restaurant_Review-g188113-d10593719-Reviews-Sports_Bar-Zurich.html
125141,d10488602,/Restaurant_Review-g188113-d10488602-Reviews-Ristorante_la_Pergolina-Zurich.html
125142,d7618328,/Restaurant_Review-g188113-d7618328-Reviews-B5_AssStube-Zurich.html
125143,d13140105,/Restaurant_Review-g188113-d13140105-Reviews-Pizza_Friends-Zurich.html
125144,d4150675,/Restaurant_Review-g188113-d4150675-Reviews-Manhattan-Zurich.html
125145,d12259396,/Restaurant_Review-g188113-d12259396-Reviews-Selnauwok-Zurich.html
125146,d12505457,/Restaurant_Review-g188113-d12505457-Reviews-Restaurant_Dorflinde-Zurich.html
125147,d4259609,/Restaurant_Review-g188113-d4259609-Reviews-Savoir_Vivre-Zurich.html
125148,d12950410,/Restaurant_Review-g188113-d12950410-Reviews-Burger_King-Zurich.html
125149,d13140509,/Restaurant_Review-g188113-d13140509-Reviews-Infinity_Bar_Lounge-Zurich.html
125150,d10198018,/Restaurant_Review-g188113-d10198018-Reviews-Linden_Treff_Take_Away-Zurich.html
125151,d8733614,/Restaurant_Review-g188113-d8733614-Reviews-Konditorei_Berner-Zurich.html
125152,d8393262,/Restaurant_Review-g188113-d8393262-Reviews-Ciao_Italia-Zurich.html
125153,d12187875,/Restaurant_Review-g188113-d12187875-Reviews-Backerei_Arnet-Zurich.html
125154,d752024,/Restaurant_Review-g188113-d752024-Reviews-Jawhara-Zurich.html
125155,d4186954,/Restaurant_Review-g188113-d4186954-Reviews-Goldbrunnen_Bar-Zurich.html
125156,d4225305,/Restaurant_Review-g188113-d4225305-Reviews-Next2_Bar_Lounge-Zurich.html
125157,d4225303,/Restaurant_Review-g188113-d4225303-Reviews-Brasserie_Zurich-Zurich.html
125158,d10838686,/Restaurant_Review-g188113-d10838686-Reviews-Restaurant_Sonnenhof-Zurich.html
125159,d12320624,/Restaurant_Review-g188113-d12320624-Reviews-Flussbad_Unterer_Letten-Zurich.html
125160,d1208879,/Restaurant_Review-g188113-d1208879-Reviews-Siri-Zurich.html
125161,d8115571,/Restaurant_Review-g188113-d8115571-Reviews-Sazio-Zurich.html
125162,d8083604,/Restaurant_Review-g188113-d8083604-Reviews-Apotheke-Zurich.html
125163,d11843773,/Restaurant_Review-g188113-d11843773-Reviews-Holy_Cow_Langstrasse_Zurich-Zurich.html
125164,d7346119,/Restaurant_Review-g188113-d7346119-Reviews-Restaurant_Kantine_Im_5i-Zurich.html
125165,d2484405,/Restaurant_Review-g188113-d2484405-Reviews-Restaurant_Schifflande-Zurich.html
125166,d8842322,/Restaurant_Review-g188113-d8842322-Reviews-Starbucks-Zurich.html
125167,d7285363,/Restaurant_Review-g188113-d7285363-Reviews-Zuri_Bar-Zurich.html
125168,d1975722,/Restaurant_Review-g188113-d1975722-Reviews-Restaurant_Bundnerstube-Zurich.html
125169,d12009318,/Restaurant_Review-g188113-d12009318-Reviews-Negishi_Sushi_Bar_Pelikanplatz-Zurich.html
125170,d3692067,/Restaurant_Review-g188113-d3692067-Reviews-Schnagg_Iss_Frisch-Zurich.html
125171,d8415215,/Restaurant_Review-g188113-d8415215-Reviews-Corner_48-Zurich.html
125172,d11672606,/Restaurant_Review-g188113-d11672606-Reviews-Kaimug_Restaurant-Zurich.html
125173,d8736586,/Restaurant_Review-g188113-d8736586-Reviews-Cafe_Uetli-Zurich.html
125174,d12188722,/Restaurant_Review-g188113-d12188722-Reviews-ROMI-Zurich.html
125175,d11925974,/Restaurant_Review-g188113-d11925974-Reviews-Zum_Transit-Zurich.html
125176,d1456632,/Restaurant_Review-g188113-d1456632-Reviews-Maharani-Zurich.html
125177,d4149124,/Restaurant_Review-g188113-d4149124-Reviews-Swisscom_Binz-Zurich.html
125178,d1213660,/Restaurant_Review-g188113-d1213660-Reviews-Cityport-Zurich.html
125179,d11928722,/Restaurant_Review-g188113-d11928722-Reviews-Wild_Bar_wine_food-Zurich.html
125180,d11713923,/Restaurant_Review-g188113-d11713923-Reviews-Fein_Schein-Zurich.html
125181,d7893755,/Restaurant_Review-g188113-d7893755-Reviews-Ba_Ba_Lu_Bar-Zurich.html
125182,d7312094,/Restaurant_Review-g188113-d7312094-Reviews-NEO-Zurich.html
125183,d1471821,/Restaurant_Review-g188113-d1471821-Reviews-Sasso-Zurich.html
125184,d1977489,/Restaurant_Review-g188113-d1977489-Reviews-Bar_Bistro_Werdwies-Zurich.html
125185,d10356434,/Restaurant_Review-g188113-d10356434-Reviews-Cheti_s-Zurich.html
125186,d4334925,/Restaurant_Review-g188113-d4334925-Reviews-Leonardo-Zurich.html
125187,d2153163,/Restaurant_Review-g188113-d2153163-Reviews-Cafe_Neumaert-Zurich.html
125188,d3821792,/Restaurant_Review-g188113-d3821792-Reviews-Santa_Lucia_Wiedikon-Zurich.html
125189,d12320809,/Restaurant_Review-g188113-d12320809-Reviews-HappyChef_Gourmet_Kebab-Zurich.html
125190,d7149552,/Restaurant_Review-g188113-d7149552-Reviews-DellaNonna-Zurich.html
125191,d4079886,/Restaurant_Review-g188113-d4079886-Reviews-Zur_rote_Buech-Zurich.html
125192,d11829626,/Restaurant_Review-g188113-d11829626-Reviews-Chalet_Suisse-Zurich.html
125193,d4800547,/Restaurant_Review-g188113-d4800547-Reviews-Restaurant_Landhus-Zurich.html
125194,d8333029,/Restaurant_Review-g188113-d8333029-Reviews-Zum_guten_Heinrich-Zurich.html
125195,d10275533,/Restaurant_Review-g188113-d10275533-Reviews-Burger_King_Hauptbahnhof_Zurich-Zurich.html
125196,d1820761,/Restaurant_Review-g188113-d1820761-Reviews-Pizzeria_Mario-Zurich.html
125197,d12532065,/Restaurant_Review-g188113-d12532065-Reviews-Restaurant_Pantanal-Zurich.html
125198,d4185694,/Restaurant_Review-g188113-d4185694-Reviews-Post_Adlikon-Zurich.html
125199,d12657457,/Restaurant_Review-g188113-d12657457-Reviews-Wust_Backerei-Zurich.html
125200,d4944496,/Restaurant_Review-g188113-d4944496-Reviews-Restaurant_Rigihof-Zurich.html
125201,d3244302,/Restaurant_Review-g188113-d3244302-Reviews-Avanti_Pizza-Zurich.html
125202,d6002382,/Restaurant_Review-g188113-d6002382-Reviews-SAM_S_Pizza_Land_Schweizergasse-Zurich.html
125203,d8384672,/Restaurant_Review-g227102-d8384672-Reviews-Le_Stecha_Die_Kulturbar-Opfikon_Zurich.html
125204,d10193817,/Restaurant_Review-g188113-d10193817-Reviews-Cevapdzinica_Letzi-Zurich.html
125205,d7708471,/Restaurant_Review-g188113-d7708471-Reviews-Caffe_handelshof-Zurich.html
125206,d4138211,/Restaurant_Review-g188113-d4138211-Reviews-Restaurant_Thai_Erawan-Zurich.html
125207,d11907436,/Restaurant_Review-g188113-d11907436-Reviews-Haissam_Music_Restaurant-Zurich.html
125208,d11915286,/Restaurant_Review-g188113-d11915286-Reviews-Dejavu-Zurich.html
125209,d12209074,/Restaurant_Review-g188113-d12209074-Reviews-Maximilian_Cafe_Bar-Zurich.html
125210,d752019,/Restaurant_Review-g188113-d752019-Reviews-ETH_Mensa_Polyterrasse-Zurich.html
125211,d7019096,/Restaurant_Review-g188113-d7019096-Reviews-Yooji_s_Hauptbahnhof-Zurich.html
125212,d12347443,/Restaurant_Review-g188113-d12347443-Reviews-Binz_Kunz-Zurich.html
125213,d11957461,/Restaurant_Review-g188113-d11957461-Reviews-Houdini_Bar-Zurich.html
125214,d4844204,/Restaurant_Review-g188113-d4844204-Reviews-Giardina_Messe_Zurich-Zurich.html
125215,d10223077,/Restaurant_Review-g188113-d10223077-Reviews-Beans-Zurich.html
125216,d4149802,/Restaurant_Review-g188113-d4149802-Reviews-Marisqueira_Atlantico-Zurich.html
125217,d5430209,/Restaurant_Review-g188113-d5430209-Reviews-Antica_Roma-Zurich.html
125218,d10540323,/Restaurant_Review-g188113-d10540323-Reviews-Kiosk_Josefweise-Zurich.html
125219,d2149884,/Restaurant_Review-g188113-d2149884-Reviews-La_Candida-Zurich.html
125220,d3584254,/Restaurant_Review-g188113-d3584254-Reviews-Caffe_Bellavista-Zurich.html
125221,d2487480,/Restaurant_Review-g188113-d2487480-Reviews-Shinsen-Zurich.html
125222,d2266909,/Restaurant_Review-g188113-d2266909-Reviews-Taste_of_Paradise-Zurich.html
125223,d1576217,/Restaurant_Review-g188113-d1576217-Reviews-Gian_Grossi-Zurich.html
125224,d4296134,/Restaurant_Review-g188113-d4296134-Reviews-Eichmuhle-Zurich.html
125225,d1125197,/Restaurant_Review-g188113-d1125197-Reviews-Milano-Zurich.html
125226,d1219225,/Restaurant_Review-g188113-d1219225-Reviews-Valentin_s-Zurich.html
125227,d1086503,/Restaurant_Review-g188113-d1086503-Reviews-Restaurant_Theater_11-Zurich.html
125228,d7905525,/Restaurant_Review-g188113-d7905525-Reviews-Dean_david-Zurich.html
125229,d8665230,/Restaurant_Review-g188113-d8665230-Reviews-Wirtschaft_Zur_Linde-Zurich.html
125230,d1504936,/Restaurant_Review-g188113-d1504936-Reviews-MediterRana-Zurich.html
125231,d1992166,/Restaurant_Review-g188113-d1992166-Reviews-Restaurant_Uto-Zurich.html
125232,d6707286,/Restaurant_Review-g188113-d6707286-Reviews-Piazzetta-Zurich.html
125233,d3331837,/Restaurant_Review-g188113-d3331837-Reviews-Pizzeria_Libero-Zurich.html
125234,d7211510,/Restaurant_Review-g188113-d7211510-Reviews-Restaurant_Freihof-Zurich.html
125235,d8447381,/Restaurant_Review-g188113-d8447381-Reviews-Restaurant_Escoffier-Zurich.html
125236,d3691237,/Restaurant_Review-g188113-d3691237-Reviews-Fonduehalle-Zurich.html
125237,d4150091,/Restaurant_Review-g188113-d4150091-Reviews-Henne-Zurich.html
125238,d3699271,/Restaurant_Review-g188113-d3699271-Reviews-1001_Gmbh-Zurich.html
125239,d4150083,/Restaurant_Review-g188113-d4150083-Reviews-Farbhof-Zurich.html
125240,d12818244,/Restaurant_Review-g188113-d12818244-Reviews-Restaurant_Die_Tomate-Zurich.html
125241,d5827920,/Restaurant_Review-g188113-d5827920-Reviews-Nectar_Gourmet_House-Zurich.html
125242,d7646419,/Restaurant_Review-g188113-d7646419-Reviews-Bam_Boo_Take_Away-Zurich.html
125243,d5539093,/Restaurant_Review-g188113-d5539093-Reviews-Lady_Hamilton_s_Pub-Zurich.html
125244,d1889850,/Restaurant_Review-g188113-d1889850-Reviews-La_Bastide-Zurich.html
125245,d1083892,/Restaurant_Review-g188113-d1083892-Reviews-Chinagarten_Take_Away-Zurich.html
125246,d4149032,/Restaurant_Review-g188113-d4149032-Reviews-Cafe_Freytag-Zurich.html
125247,d3648965,/Restaurant_Review-g188113-d3648965-Reviews-Cremamore-Zurich.html
125248,d6201737,/Restaurant_Review-g188113-d6201737-Reviews-Salt_Pepper-Zurich.html
125249,d8798212,/Restaurant_Review-g188113-d8798212-Reviews-Suan_Long_Bahnhofshalle-Zurich.html
125250,d12156186,/Restaurant_Review-g227102-d12156186-Reviews-Burger_Shakes-Opfikon_Zurich.html
125251,d873164,/Restaurant_Review-g188113-d873164-Reviews-China_Restaurant_SUAN_LONG-Zurich.html
125252,d10636287,/Restaurant_Review-g188113-d10636287-Reviews-Cafe_Medici-Zurich.html
125253,d7046488,/Restaurant_Review-g188113-d7046488-Reviews-Ristorante_Pizzeria_Schurli-Zurich.html
125254,d1202472,/Restaurant_Review-g188113-d1202472-Reviews-Billiardino-Zurich.html
125255,d7056704,/Restaurant_Review-g188113-d7056704-Reviews-Wonderpots-Zurich.html
125256,d10161948,/Restaurant_Review-g188113-d10161948-Reviews-Lily_s_Factory-Zurich.html
125257,d3341436,/Restaurant_Review-g188113-d3341436-Reviews-Curry_Land-Zurich.html
125258,d2093661,/Restaurant_Review-g188113-d2093661-Reviews-2_Akt_Restaurant_Bar-Zurich.html
125259,d2546485,/Restaurant_Review-g188113-d2546485-Reviews-Pizzeria_Okay_Italia-Zurich.html
125260,d2337995,/Restaurant_Review-g188113-d2337995-Reviews-Restaurant_Schwarzer_Baren-Zurich.html
125261,d1806073,/Restaurant_Review-g227102-d1806073-Reviews-Hotel_Restaurant_Bahnhof-Opfikon_Zurich.html
125262,d8536323,/Restaurant_Review-g188113-d8536323-Reviews-Escherwyss_Kebab-Zurich.html
125263,d10428285,/Restaurant_Review-g227102-d10428285-Reviews-Basilico_Restaurant-Opfikon_Zurich.html
125264,d10140442,/Restaurant_Review-g188113-d10140442-Reviews-Ey_Hof-Zurich.html
125265,d13169262,/Restaurant_Review-g188113-d13169262-Reviews-Steakhouse_Oldtown-Zurich.html
125266,d1208938,/Restaurant_Review-g188113-d1208938-Reviews-McDonald_s-Zurich.html
125267,d7316904,/Restaurant_Review-g188113-d7316904-Reviews-Luv_Drink_Dine-Zurich.html
125268,d12169318,/Restaurant_Review-g188113-d12169318-Reviews-Krispy_Krost-Zurich.html
125269,d7733423,/Restaurant_Review-g188113-d7733423-Reviews-Fallender_Brunnenhof-Zurich.html
125270,d2479488,/Restaurant_Review-g188113-d2479488-Reviews-Guhwilmuhle-Zurich.html
125271,d10379912,/Restaurant_Review-g188113-d10379912-Reviews-Aggarwal_s_Indian_food-Zurich.html
125272,d3570686,/Restaurant_Review-g188113-d3570686-Reviews-Meskerem-Zurich.html
125273,d8071296,/Restaurant_Review-g227102-d8071296-Reviews-Stars_and_Stripes-Opfikon_Zurich.html
125274,d7230690,/Restaurant_Review-g188113-d7230690-Reviews-McDonald_s_Bahnhofstrasse_Zurich-Zurich.html
125275,d3225881,/Restaurant_Review-g188113-d3225881-Reviews-Pizza_Bonjour-Zurich.html
125276,d12902938,/Restaurant_Review-g188113-d12902938-Reviews-Mega_Waffel-Zurich.html
125277,d1319399,/Restaurant_Review-g188113-d1319399-Reviews-Kunsthausrestaurant-Zurich.html
125278,d4150304,/Restaurant_Review-g1463437-d4150304-Reviews-Soodhof-Adliswil_Zurich.html
125279,d11595119,/Restaurant_Review-g188113-d11595119-Reviews-Domino_s_Pizza-Zurich.html
125280,d4844208,/Restaurant_Review-g227102-d4844208-Reviews-Graf_Z-Opfikon_Zurich.html
125281,d4148627,/Restaurant_Review-g188113-d4148627-Reviews-Alumni_Quattro_Lounge-Zurich.html
125282,d10335762,/Restaurant_Review-g188113-d10335762-Reviews-Bistro_Landesmuseum-Zurich.html
125283,d7117748,/Restaurant_Review-g188113-d7117748-Reviews-McDonald_s-Zurich.html
125284,d10066497,/Restaurant_Review-g188113-d10066497-Reviews-Poushe_Shtroudelhaus-Zurich.html
125285,d8691213,/Restaurant_Review-g188113-d8691213-Reviews-Grabli_Bar-Zurich.html
125286,d8510471,/Restaurant_Review-g188113-d8510471-Reviews-Restaurant_Pizzeria_Vesuvio-Zurich.html
125287,d8841524,/Restaurant_Review-g188113-d8841524-Reviews-Fusion_Meal_Eth_Honggerberg-Zurich.html
125288,d7724824,/Restaurant_Review-g188113-d7724824-Reviews-Cafe_Mandarin-Zurich.html
125289,d8679089,/Restaurant_Review-g188113-d8679089-Reviews-Oskar_Kowalski_Bar_Cafe-Zurich.html
125290,d4150149,/Restaurant_Review-g188113-d4150149-Reviews-Tobel-Zurich.html
125291,d1379895,/Restaurant_Review-g188113-d1379895-Reviews-Il_postino-Zurich.html
125292,d1160517,/Restaurant_Review-g188113-d1160517-Reviews-Scent_of_Bamboo-Zurich.html
125293,d8105905,/Restaurant_Review-g188113-d8105905-Reviews-Il_Caffe-Zurich.html
125294,d12958582,/Restaurant_Review-g188113-d12958582-Reviews-Suan_Long-Zurich.html
125295,d1213698,/Restaurant_Review-g188113-d1213698-Reviews-Cafe_Dallas-Zurich.html
125296,d1967097,/Restaurant_Review-g188113-d1967097-Reviews-Restaurant_Werd-Zurich.html
125297,d10672851,/Restaurant_Review-g188113-d10672851-Reviews-Redneck_Heaven-Zurich.html
125298,d1471822,/Restaurant_Review-g188113-d1471822-Reviews-Sternen_Da_Guido-Zurich.html
125299,d874059,/Restaurant_Review-g188113-d874059-Reviews-Restaurant_Zunfthaus_zur_Schmieden-Zurich.html
125300,d7993509,/Restaurant_Review-g188113-d7993509-Reviews-Tillsamman-Zurich.html
125301,d7622845,/Restaurant_Review-g188113-d7622845-Reviews-The_Lemon_Grass-Zurich.html
125302,d2694139,/Restaurant_Review-g188113-d2694139-Reviews-Ristorane_Pizzeria_Il_Salento-Zurich.html
125303,d3846156,/Restaurant_Review-g188113-d3846156-Reviews-Nelson_Pub-Zurich.html
125304,d2447021,/Restaurant_Review-g188113-d2447021-Reviews-Cafeteria_City-Zurich.html
125305,d1210499,/Restaurant_Review-g188113-d1210499-Reviews-Falcone-Zurich.html
125306,d4150017,/Restaurant_Review-g188113-d4150017-Reviews-Auhof-Zurich.html
125307,d10223090,/Restaurant_Review-g188113-d10223090-Reviews-John_Baker-Zurich.html
125308,d2537906,/Restaurant_Review-g188113-d2537906-Reviews-Hooters_Zurich-Zurich.html
125309,d10546578,/Restaurant_Review-g188113-d10546578-Reviews-Kornsilo_AG-Zurich.html
125310,d1136084,/Restaurant_Review-g188113-d1136084-Reviews-Pumpstation-Zurich.html
125311,d951491,/Restaurant_Review-g188113-d951491-Reviews-Palme_de_Beirut-Zurich.html
125312,d11628710,/Restaurant_Review-g188113-d11628710-Reviews-Restaurant_Ochsen-Zurich.html
125313,d3902587,/Restaurant_Review-g188113-d3902587-Reviews-Rizzoli-Zurich.html
125314,d5039158,/Restaurant_Review-g188113-d5039158-Reviews-Restaurant_Perle_de_Beirut-Zurich.html
125315,d6583019,/Restaurant_Review-g188113-d6583019-Reviews-By_Khalid_Mexican_Restaurant-Zurich.html
125316,d8639391,/Restaurant_Review-g188113-d8639391-Reviews-Kaimug_Box-Zurich.html
125317,d8732320,/Restaurant_Review-g188113-d8732320-Reviews-Schmink_Bar-Zurich.html
125318,d2241831,/Restaurant_Review-g188113-d2241831-Reviews-Pirata-Zurich.html
125319,d1062447,/Restaurant_Review-g188113-d1062447-Reviews-Hong_Kong_Food_Paradise-Zurich.html
125320,d4105052,/Restaurant_Review-g188113-d4105052-Reviews-Spring_Onion-Zurich.html
125321,d2235814,/Restaurant_Review-g188113-d2235814-Reviews-Bar_Corazon-Zurich.html
125322,d10497221,/Restaurant_Review-g188113-d10497221-Reviews-Safran_Restaurant_Take_Away_Und_Shisha_Lounge-Zurich.html
125323,d8684372,/Restaurant_Review-g188113-d8684372-Reviews-Peperoncino_La_Favorita-Zurich.html
125324,d8756093,/Restaurant_Review-g188113-d8756093-Reviews-Papa_Ceviche-Zurich.html
125325,d2643405,/Restaurant_Review-g188113-d2643405-Reviews-Restaurant_Take_Away_Suan_Long-Zurich.html
125326,d3374976,/Restaurant_Review-g188113-d3374976-Reviews-Restaurant_Turbinenhaus-Zurich.html
125327,d4844684,/Restaurant_Review-g188113-d4844684-Reviews-Z_am_Park-Zurich.html
125328,d1887046,/Restaurant_Review-g188113-d1887046-Reviews-McGees_Irish_Pub_Restaurant-Zurich.html
125329,d12690811,/Restaurant_Review-g227102-d12690811-Reviews-Restaurant_Cupola-Opfikon_Zurich.html
125330,d1173850,/Restaurant_Review-g188113-d1173850-Reviews-The_swiss_house-Zurich.html
125331,d4844269,/Restaurant_Review-g188113-d4844269-Reviews-JIL_Club_Dining-Zurich.html
125332,d13000895,/Restaurant_Review-g188113-d13000895-Reviews-Duetto_Cafe_Bistro_Bar_Gelateria-Zurich.html
125333,d10629028,/Restaurant_Review-g188113-d10629028-Reviews-Bistro_Park_Stadelhofen-Zurich.html
125334,d5262932,/Restaurant_Review-g188113-d5262932-Reviews-Caffe_Spettacolo-Zurich.html
125335,d10830413,/Restaurant_Review-g188113-d10830413-Reviews-Thai_Mahnamnan-Zurich.html
125336,d7098136,/Restaurant_Review-g188113-d7098136-Reviews-Le_Coquin-Zurich.html
125337,d5937057,/Restaurant_Review-g188113-d5937057-Reviews-Foodpoint_Restaurant-Zurich.html
125338,d1384291,/Restaurant_Review-g188113-d1384291-Reviews-Lunchbuffet-Zurich.html
125339,d10729053,/Restaurant_Review-g188113-d10729053-Reviews-Restaurant_Il_Parmigiano-Zurich.html
125340,d11791864,/Restaurant_Review-g188113-d11791864-Reviews-Rosso_Arancio-Zurich.html
125341,d8747182,/Restaurant_Review-g188113-d8747182-Reviews-New_Point-Zurich.html
125342,d12407004,/Restaurant_Review-g188113-d12407004-Reviews-Restaurant_Hagenholz-Zurich.html
125343,d12034466,/Restaurant_Review-g188113-d12034466-Reviews-Sultan_Sofrasi-Zurich.html
125344,d1812218,/Restaurant_Review-g188113-d1812218-Reviews-Magic_Masala-Zurich.html
125345,d9592237,/Restaurant_Review-g188113-d9592237-Reviews-Schone_Bescherung-Zurich.html
125346,d10156990,/Restaurant_Review-g188113-d10156990-Reviews-Restaurant_Manegg-Zurich.html
125347,d12939042,/Restaurant_Review-g188113-d12939042-Reviews-Cafe_Ami-Zurich.html
125348,d4148832,/Restaurant_Review-g188113-d4148832-Reviews-Backhuus_Fischer-Zurich.html
125349,d12713798,/Restaurant_Review-g188113-d12713798-Reviews-Cafe_Hongg_d_Bio_Insle-Zurich.html
125350,d1938791,/Restaurant_Review-g188113-d1938791-Reviews-Bergrestaurant_Uto_Staffel-Zurich.html
125351,d9878931,/Restaurant_Review-g188113-d9878931-Reviews-Poushe_Strudelhaus-Zurich.html
125352,d2596585,/Restaurant_Review-g227102-d2596585-Reviews-Suan_Long-Opfikon_Zurich.html
125353,d5259846,/Restaurant_Review-g188113-d5259846-Reviews-Ciccio_s_Ristorante_Bar_Pizzeria-Zurich.html
125354,d1025977,/Restaurant_Review-g188113-d1025977-Reviews-Zur_Nachtigall-Zurich.html
125355,d4220190,/Restaurant_Review-g188113-d4220190-Reviews-QUAI_61-Zurich.html
125356,d8781739,/Restaurant_Review-g188113-d8781739-Reviews-Buffet_Bellevue-Zurich.html
125357,d2174341,/Restaurant_Review-g188113-d2174341-Reviews-ESPRESSINO_AL_PORTO-Zurich.html
125358,d9729580,/Restaurant_Review-g227102-d9729580-Reviews-Restaurant_Cameleon-Opfikon_Zurich.html
125359,d7347214,/Restaurant_Review-g188113-d7347214-Reviews-Peter_Pan-Zurich.html
125360,d7618708,/Restaurant_Review-g188113-d7618708-Reviews-Hitzberger-Zurich.html
125361,d4299818,/Restaurant_Review-g188113-d4299818-Reviews-Sushi4you-Zurich.html
125362,d808215,/Restaurant_Review-g188113-d808215-Reviews-Turm-Zurich.html
125363,d4150685,/Restaurant_Review-g188113-d4150685-Reviews-Hua_Thai-Zurich.html
125364,d8064348,/Restaurant_Review-g188113-d8064348-Reviews-Hiltl_am_Strand_Strandbad_Mythenquai-Zurich.html
125365,d13104803,/Restaurant_Review-g188113-d13104803-Reviews-Migros_Restaurant_Glattzentrum-Zurich.html
125366,d3849976,/Restaurant_Review-g188113-d3849976-Reviews-Hin_Weg_Gare-Zurich.html
125367,d785425,/Restaurant_Review-g188113-d785425-Reviews-Rosso-Zurich.html
125368,d1024070,/Restaurant_Review-g188113-d1024070-Reviews-Dieci_Restaurant_Dietlikon-Zurich.html
125369,d697827,/Restaurant_Review-g188113-d697827-Reviews-Asian_Place-Zurich.html
125370,d778338,/Restaurant_Review-g188113-d778338-Reviews-New_Point-Zurich.html
125371,d6890153,/Restaurant_Review-g188113-d6890153-Reviews-Restaurant_Binzgarten-Zurich.html
125372,d2137037,/Restaurant_Review-g188113-d2137037-Reviews-Cafe_Cote_d_Azur-Zurich.html
125373,d1546935,/Restaurant_Review-g188113-d1546935-Reviews-Hitzberger-Zurich.html
125374,d2323404,/Restaurant_Review-g188113-d2323404-Reviews-Tasty-Zurich.html
125375,d1130049,/Restaurant_Review-g188113-d1130049-Reviews-Zum_Weissen_Schwan-Zurich.html
125376,d10189524,/Restaurant_Review-g188113-d10189524-Reviews-The_Butcher-Zurich.html
125377,d3741118,/Restaurant_Review-g188113-d3741118-Reviews-Takano_City-Zurich.html
125378,d9715503,/Restaurant_Review-g188113-d9715503-Reviews-Sportsbar_1904-Zurich.html
125379,d7695757,/Restaurant_Review-g188113-d7695757-Reviews-Hitzberger-Zurich.html
125380,d6404372,/Restaurant_Review-g188113-d6404372-Reviews-Happy_Backerei-Zurich.html
125381,d12438226,/Restaurant_Review-g188113-d12438226-Reviews-Kian_Restaurant-Zurich.html
125382,d752020,/Restaurant_Review-g188113-d752020-Reviews-Fine_Choice-Zurich.html
125383,d2149611,/Restaurant_Review-g188113-d2149611-Reviews-Bei_Tony-Zurich.html
125384,d7953065,/Restaurant_Review-g188113-d7953065-Reviews-Caffe_Spettacolo-Zurich.html
125385,d3378062,/Restaurant_Review-g188113-d3378062-Reviews-Vior_Club_Restaurant-Zurich.html
125386,d9820303,/Restaurant_Review-g188113-d9820303-Reviews-Neu_Punkt-Zurich.html
125387,d6437389,/Restaurant_Review-g188113-d6437389-Reviews-Mambo_Cafe-Zurich.html
125388,d2016653,/Restaurant_Review-g188113-d2016653-Reviews-Triibhuus-Zurich.html
125389,d11865622,/Restaurant_Review-g188113-d11865622-Reviews-Steakhouse_Churrasco_am_Central-Zurich.html
125390,d7891602,/Restaurant_Review-g188113-d7891602-Reviews-Burger_King-Zurich.html
125391,d10061180,/Restaurant_Review-g188113-d10061180-Reviews-Migros_Restaurant-Zurich.html
125392,d12198033,/Restaurant_Review-g188113-d12198033-Reviews-Opfikon-Zurich.html
125393,d13202627,/Restaurant_Review-g188113-d13202627-Reviews-Cafe_Complet-Zurich.html
125394,d8796498,/Restaurant_Review-g188113-d8796498-Reviews-McDonald_s-Zurich.html
125395,d12652562,/Restaurant_Review-g188113-d12652562-Reviews-Burgstein_s_Gasthaus_Penalty-Zurich.html
125396,d2070374,/Restaurant_Review-g188113-d2070374-Reviews-Yumi_Hana-Zurich.html
125397,d12400991,/Restaurant_Review-g188113-d12400991-Reviews-Pizzeria_Ristorante_Buongiorno-Zurich.html
125398,d2005395,/Restaurant_Review-g188113-d2005395-Reviews-Peking_Garden-Zurich.html
125399,d11963037,/Restaurant_Review-g188113-d11963037-Reviews-Long_Huang-Zurich.html
125400,d3313986,/Restaurant_Review-g188113-d3313986-Reviews-Pizzeria_La_Rustica-Zurich.html
125401,d7195130,/Restaurant_Review-g188113-d7195130-Reviews-Restaurant_Hallo-Zurich.html
125402,d8562228,/Restaurant_Review-g188113-d8562228-Reviews-Restaurant_Fuchsli-Zurich.html
125403,d2044330,/Restaurant_Review-g188113-d2044330-Reviews-Restaurant_Suan_Long-Zurich.html
125404,d1210590,/Restaurant_Review-g188113-d1210590-Reviews-Asia_im_Foodland-Zurich.html
125405,d3853667,/Restaurant_Review-g188113-d3853667-Reviews-The_Ganges-Zurich.html
125406,d1202473,/Restaurant_Review-g188113-d1202473-Reviews-Domino_s_Pizza-Zurich.html
125407,d2359363,/Restaurant_Review-g188113-d2359363-Reviews-The_Pirates-Zurich.html
125408,d8621309,/Restaurant_Review-g188113-d8621309-Reviews-Sultanhan-Zurich.html
125409,d10135246,/Restaurant_Review-g188113-d10135246-Reviews-Old_House_Bar-Zurich.html
125410,d10145927,/Restaurant_Review-g188113-d10145927-Reviews-WIR_Messe_Zurich_AG-Zurich.html
125411,d811114,/Restaurant_Review-g188113-d811114-Reviews-Sushi_Isakaya-Zurich.html
125412,d11888593,/Restaurant_Review-g188113-d11888593-Reviews-Bacaro-Zurich.html
125413,d10174419,/Restaurant_Review-g188113-d10174419-Reviews-Food_Center-Zurich.html
125414,d7341045,/Restaurant_Review-g188113-d7341045-Reviews-Backerei_Und_Cafe_Wust-Zurich.html
125415,d10033339,/Restaurant_Review-g188113-d10033339-Reviews-Caffe_Spettacolo-Zurich.html
125416,d4542138,/Restaurant_Review-g188113-d4542138-Reviews-Don_Quijote-Zurich.html
125417,d12071780,/Restaurant_Review-g188113-d12071780-Reviews-The_News_Deli-Zurich.html
125418,d5527251,/Restaurant_Review-g188113-d5527251-Reviews-Hello_Bar-Zurich.html
125419,d2335683,/Restaurant_Review-g188113-d2335683-Reviews-Pizza_Blitz_Zurich_Sud-Zurich.html
125420,d1319360,/Restaurant_Review-g188113-d1319360-Reviews-Libanesisches_essen-Zurich.html
125421,d6959214,/Restaurant_Review-g188113-d6959214-Reviews-Ta_Ty_Asian_Restaurant-Zurich.html
125422,d4176534,/Restaurant_Review-g188113-d4176534-Reviews-Bistro_Lochergut-Zurich.html
125423,d697907,/Restaurant_Review-g188113-d697907-Reviews-Taj_Palace-Zurich.html
125424,d3727854,/Restaurant_Review-g188113-d3727854-Reviews-Tasteria-Zurich.html
125425,d8553525,/Restaurant_Review-g188113-d8553525-Reviews-Milchbar_Am_Bellevue-Zurich.html
125426,d11891008,/Restaurant_Review-g188113-d11891008-Reviews-Bye_Bye_Bar-Zurich.html
125427,d6366359,/Restaurant_Review-g188113-d6366359-Reviews-New_Shanghai-Zurich.html
125428,d12978573,/Restaurant_Review-g188113-d12978573-Reviews-Burrito_Brothers-Zurich.html
125429,d4149198,/Restaurant_Review-g188113-d4149198-Reviews-Don_Pepe-Zurich.html
125430,d815694,/Restaurant_Review-g188113-d815694-Reviews-Azzurri-Zurich.html
125431,d12960030,/Restaurant_Review-g188113-d12960030-Reviews-Pizzeria_la_Casa-Zurich.html
125432,d12870153,/Restaurant_Review-g188113-d12870153-Reviews-Bistro_Pub_Aladin-Zurich.html
125433,d4498945,/Restaurant_Review-g188113-d4498945-Reviews-Cocoa_Beach_Zurich-Zurich.html
125434,d1187556,/Restaurant_Review-g188113-d1187556-Reviews-Forum-Zurich.html
125435,d939089,/Restaurant_Review-g188113-d939089-Reviews-PurPur-Zurich.html
125436,d3373810,/Restaurant_Review-g188113-d3373810-Reviews-Windegg-Zurich.html
125437,d12284452,/Restaurant_Review-g1463437-d12284452-Reviews-Zur_Au-Adliswil_Zurich.html
125438,d1551957,/Restaurant_Review-g188113-d1551957-Reviews-Jade-Zurich.html
125439,d12146442,/Restaurant_Review-g188113-d12146442-Reviews-Emo_Bistro-Zurich.html
125440,d2222890,/Restaurant_Review-g188113-d2222890-Reviews-Pizza_Blitz_Zurich_Oerlikon-Zurich.html
125441,d8462360,/Restaurant_Review-g188113-d8462360-Reviews-Restaurant_Wehrlischloss-Zurich.html
125442,d2153188,/Restaurant_Review-g188113-d2153188-Reviews-Allegrotto-Zurich.html
125443,d8287558,/Restaurant_Review-g188113-d8287558-Reviews-Swiss_Food_Delivery-Zurich.html
125444,d11994418,/Restaurant_Review-g188113-d11994418-Reviews-Restaurant_Moringa_Teff-Zurich.html
125445,d5768767,/Restaurant_Review-g188113-d5768767-Reviews-Ristorante_La_Taverna-Zurich.html
125446,d4961508,/Restaurant_Review-g188113-d4961508-Reviews-Restaurant_Kronenhof-Zurich.html
125447,d12323550,/Restaurant_Review-g188113-d12323550-Reviews-Spruengli-Zurich.html
125448,d4354266,/Restaurant_Review-g188113-d4354266-Reviews-Pizza_Blitz_Zurich-Zurich.html
125449,d11896635,/Restaurant_Review-g188113-d11896635-Reviews-Zurich-Zurich.html
125450,d12378701,/Restaurant_Review-g188113-d12378701-Reviews-Not_guilty_Bellevue-Zurich.html
125451,d12870151,/Restaurant_Review-g188113-d12870151-Reviews-Ly_s_Take_Away-Zurich.html
125452,d12959896,/Restaurant_Review-g188113-d12959896-Reviews-Restaurant_Gasthof_Hirschen-Zurich.html
125453,d11796028,/Restaurant_Review-g188113-d11796028-Reviews-Hukka_Restaurant_Hookah_Lounge-Zurich.html
125454,d13349784,/Restaurant_Review-g188113-d13349784-Reviews-Burger_King-Zurich.html
125455,d12663433,/Restaurant_Review-g188113-d12663433-Reviews-Moreeda_Restaurant-Zurich.html
125456,d13202568,/Restaurant_Review-g188113-d13202568-Reviews-Maneez_Restaurant_Take_Away-Zurich.html
125457,d697909,/Restaurant_Review-g188113-d697909-Reviews-The_Caribbean_Restaurant-Zurich.html
125458,d697935,/Restaurant_Review-g188113-d697935-Reviews-Colors-Zurich.html
125459,d752026,/Restaurant_Review-g188113-d752026-Reviews-Kafi111-Zurich.html
125460,d752033,/Restaurant_Review-g188113-d752033-Reviews-Restaurant_Lanchid-Zurich.html
125461,d815189,/Restaurant_Review-g188113-d815189-Reviews-Tote-Zurich.html
125462,d857933,/Restaurant_Review-g188113-d857933-Reviews-Kalkuhl-Zurich.html
125463,d1065583,/Restaurant_Review-g188113-d1065583-Reviews-Don_Camillo-Zurich.html
125464,d1085958,/Restaurant_Review-g188113-d1085958-Reviews-Lady_theo-Zurich.html
125465,d1091998,/Restaurant_Review-g188113-d1091998-Reviews-Chez_Bo-Zurich.html
125466,d1187562,/Restaurant_Review-g188113-d1187562-Reviews-Parterre-Zurich.html
125467,d1190633,/Restaurant_Review-g188113-d1190633-Reviews-Trinacria-Zurich.html
125468,d1320173,/Restaurant_Review-g188113-d1320173-Reviews-Sai_Somsak-Zurich.html
125469,d1320174,/Restaurant_Review-g188113-d1320174-Reviews-Tellit_im_Oekotel-Zurich.html
125470,d1370744,/Restaurant_Review-g188113-d1370744-Reviews-Stocks-Zurich.html
125471,d1403909,/Restaurant_Review-g188113-d1403909-Reviews-Restaurant_Six-Zurich.html
125472,d1408764,/Restaurant_Review-g188113-d1408764-Reviews-La_Golondrina-Zurich.html
125473,d2462396,/Restaurant_Review-g188113-d2462396-Reviews-Golden_Asian_Restaurant_Store-Zurich.html
125474,d2668734,/Restaurant_Review-g188113-d2668734-Reviews-Les_Arcades-Zurich.html
125475,d3378050,/Restaurant_Review-g188113-d3378050-Reviews-Restaurant_Hirschen_Serhan_Safran-Zurich.html
125476,d3832637,/Restaurant_Review-g188113-d3832637-Reviews-Chez_Klauss-Zurich.html
125477,d4101690,/Restaurant_Review-g188113-d4101690-Reviews-Rong_Cheng-Zurich.html
125478,d4148573,/Restaurant_Review-g188113-d4148573-Reviews-ADO_Pizzeria-Zurich.html
125479,d4149344,/Restaurant_Review-g188113-d4149344-Reviews-Apart_GrunKultur_Restaurant-Zurich.html
125480,d4149983,/Restaurant_Review-g188113-d4149983-Reviews-Prisma-Zurich.html
125481,d4150418,/Restaurant_Review-g188113-d4150418-Reviews-Luba_Hati-Zurich.html
125482,d4150534,/Restaurant_Review-g188113-d4150534-Reviews-Cafe_Glattli-Zurich.html
125483,d4150589,/Restaurant_Review-g188113-d4150589-Reviews-L_Avenir-Zurich.html
125484,d4150712,/Restaurant_Review-g188113-d4150712-Reviews-Foifi_30-Zurich.html
125485,d4173298,/Restaurant_Review-g188113-d4173298-Reviews-La_Grande_Bouffe-Zurich.html
125486,d4412641,/Restaurant_Review-g188113-d4412641-Reviews-Restaurant_Tellstube-Zurich.html
125487,d4732281,/Restaurant_Review-g188113-d4732281-Reviews-Aabb-Zurich.html
125488,d4844639,/Restaurant_Review-g188113-d4844639-Reviews-Thai_Heaven-Zurich.html
125489,d4952003,/Restaurant_Review-g188113-d4952003-Reviews-Fleming_s_Club-Zurich.html
125490,d6560455,/Restaurant_Review-g188113-d6560455-Reviews-Foyer_Bar-Zurich.html
125491,d7705796,/Restaurant_Review-g188113-d7705796-Reviews-Pizzacasa_zurich-Zurich.html
125492,d7991028,/Restaurant_Review-g188113-d7991028-Reviews-Curry_Plus-Zurich.html
125493,d8665145,/Restaurant_Review-g188113-d8665145-Reviews-The_Thai_Take_Away_Catering-Zurich.html
125494,d9880381,/Restaurant_Review-g188113-d9880381-Reviews-Say_Chocolate_Boutique-Zurich.html
125495,d9995917,/Restaurant_Review-g188113-d9995917-Reviews-Kafi_Tintefisch-Zurich.html
125496,d10057958,/Restaurant_Review-g188113-d10057958-Reviews-Wilde_Tiere-Zurich.html
125497,d10227663,/Restaurant_Review-g188113-d10227663-Reviews-Bar_Tifosi-Zurich.html
125498,d10313045,/Restaurant_Review-g188113-d10313045-Reviews-CS_clube_social-Zurich.html
125499,d10513646,/Restaurant_Review-g188113-d10513646-Reviews-Knezevic_Marko-Zurich.html
125500,d10625651,/Restaurant_Review-g188113-d10625651-Reviews-Frau-Zurich.html
125501,d10792575,/Restaurant_Review-g188113-d10792575-Reviews-Bali_Bagus-Zurich.html
125502,d10822171,/Restaurant_Review-g188113-d10822171-Reviews-Don_Hidalgo-Zurich.html
125503,d11716949,/Restaurant_Review-g188113-d11716949-Reviews-First_Base_Afrofood-Zurich.html
125504,d11828409,/Restaurant_Review-g188113-d11828409-Reviews-Kramer_Gastronomie-Zurich.html
125505,d11904491,/Restaurant_Review-g188113-d11904491-Reviews-RomanTino-Zurich.html
125506,d11952410,/Restaurant_Review-g188113-d11952410-Reviews-Laduree-Zurich.html
125507,d12013948,/Restaurant_Review-g188113-d12013948-Reviews-Wild_Bar-Zurich.html
125508,d12248750,/Restaurant_Review-g188113-d12248750-Reviews-Rex_Musenhof_Bar_Biergarten-Zurich.html
125509,d12257554,/Restaurant_Review-g188113-d12257554-Reviews-Testoni_Pizza-Zurich.html
125510,d12368026,/Restaurant_Review-g188113-d12368026-Reviews-Marche_Express_Bahnhof_Oerlikon-Zurich.html
125511,d12622547,/Restaurant_Review-g188113-d12622547-Reviews-Club_Narjil-Zurich.html
125512,d12918609,/Restaurant_Review-g188113-d12918609-Reviews-Namamen-Zurich.html
125513,d12919145,/Restaurant_Review-g1463437-d12919145-Reviews-Restaurant_Piccolino-Adliswil_Zurich.html
125514,d12941333,/Restaurant_Review-g188113-d12941333-Reviews-Genovas_Fine_Food_Beverage-Zurich.html
125515,d13110147,/Restaurant_Review-g227102-d13110147-Reviews-Wirtschaft_zum_Stubli-Opfikon_Zurich.html
125516,d13140145,/Restaurant_Review-g188113-d13140145-Reviews-Ah_Hua-Zurich.html
125517,d13144192,/Restaurant_Review-g188113-d13144192-Reviews-Dieci_Pizzakurier_Zurich_Hohlstrasse-Zurich.html
125518,d13144259,/Restaurant_Review-g188113-d13144259-Reviews-Dieci_Pizzakurier_Zurich_Landoltstrasse-Zurich.html
125519,d13144283,/Restaurant_Review-g188113-d13144283-Reviews-Dieci_Pizzakurier_Zurich_Binz_Wollishofen-Zurich.html
125520,d13148872,/Restaurant_Review-g188113-d13148872-Reviews-Da_Toto-Zurich.html
125521,d13150324,/Restaurant_Review-g188113-d13150324-Reviews-RAW_by_Michael_Adams-Zurich.html
125522,d13273526,/Restaurant_Review-g188113-d13273526-Reviews-Konrad_Kaffee_Cocktailbar-Zurich.html
125523,d13292844,/Restaurant_Review-g188113-d13292844-Reviews-Blueberry_American_Bakery-Zurich.html
125524,d13296092,/Restaurant_Review-g188113-d13296092-Reviews-Restaurant_Bahnhof-Zurich.html
125525,d13323362,/Restaurant_Review-g188113-d13323362-Reviews-Yoyo_Pizza-Zurich.html
125526,d13349842,/Restaurant_Review-g188113-d13349842-Reviews-Dieci-Zurich.html
