2000,d2641024,/Restaurant_Review-g187791-d2641024-Reviews-Guerrini_dal_1958-Rome_Lazio.html
2001,d7346712,/Restaurant_Review-g274772-d7346712-Reviews-Cafe_Zoe-Krakow_Lesser_Poland_Province_Southern_Poland.html
2002,d11917543,/Restaurant_Review-g187147-d11917543-Reviews-Candelma-Paris_Ile_de_France.html
2003,d7593827,/Restaurant_Review-g187514-d7593827-Reviews-Punto_Basico-Madrid.html
2004,d4294757,/Restaurant_Review-g190356-d4294757-Reviews-Mamacita-Luxembourg_City.html
2005,d6350898,/Restaurant_Review-g189541-d6350898-Reviews-OL_OG_Grill-Copenhagen_Zealand.html
2006,d4756384,/Restaurant_Review-g187265-d4756384-Reviews-L_Antiquaire-Lyon_Rhone_Auvergne_Rhone_Alpes.html
2007,d5484869,/Restaurant_Review-g274873-d5484869-Reviews-Kavarna_Rog-Ljubljana_Upper_Carniola_Region.html
2008,d7934212,/Restaurant_Review-g186525-d7934212-Reviews-Robertsons_37_Bar-Edinburgh_Scotland.html
2009,d6772266,/Restaurant_Review-g187849-d6772266-Reviews-Pastis-Milan_Lombardy.html
2010,d5975529,/Restaurant_Review-g189852-d5975529-Reviews-The_Public_Sundbyberg-Stockholm.html
2011,d12686213,/Restaurant_Review-g186338-d12686213-Reviews-Sakura_Japanese_Sushi-London_England.html
2012,d11719251,/Restaurant_Review-g187791-d11719251-Reviews-Quanto_Basta_Slow_Restaurant-Rome_Lazio.html
2013,d7983593,/Restaurant_Review-g187147-d7983593-Reviews-Nooi-Paris_Ile_de_France.html
2014,d8741635,/Restaurant_Review-g187331-d8741635-Reviews-Jo_Makronchen-Hamburg.html
2015,d5825899,/Restaurant_Review-g186605-d5825899-Reviews-The_Green_Room_Bar-Dublin_County_Dublin.html
2016,d12616113,/Restaurant_Review-g274887-d12616113-Reviews-Pachamama_Inka_Gourmet_Peruvian_Restaurant-Budapest_Central_Hungary.html
2017,d1024664,/Restaurant_Review-g187309-d1024664-Reviews-Dalmatiner_Grill-Munich_Upper_Bavaria_Bavaria.html
2018,d7277855,/Restaurant_Review-g187497-d7277855-Reviews-Juan_in_a_Million-Barcelona_Catalonia.html
2019,d1771610,/Restaurant_Review-g187147-d1771610-Reviews-Fou_Thai-Paris_Ile_de_France.html
2020,d13298310,/Restaurant_Review-g187147-d13298310-Reviews-Casa_Pietro-Paris_Ile_de_France.html
2021,d1773677,/Restaurant_Review-g274856-d1773677-Reviews-Alibi_Sports_Bar_Restaurant-Warsaw_Mazovia_Province_Central_Poland.html
2022,d1039336,/Restaurant_Review-g187331-d1039336-Reviews-Das_Riff-Hamburg.html
2023,d11978542,/Restaurant_Review-g187331-d11978542-Reviews-Thai_Pauli-Hamburg.html
2024,d1336697,/Restaurant_Review-g187147-d1336697-Reviews-Le_Bobillot-Paris_Ile_de_France.html
2025,d3330395,/Restaurant_Review-g187323-d3330395-Reviews-Honca-Berlin.html
2026,d4134378,/Restaurant_Review-g188590-d4134378-Reviews-Norling_Restaurant_Amsterdam-Amsterdam_North_Holland_Province.html
2027,d10818101,/Restaurant_Review-g187497-d10818101-Reviews-Restaurant_Arts-Barcelona_Catalonia.html
2028,d12357437,/Restaurant_Review-g187791-d12357437-Reviews-Bibi_Brace_e_Cucina-Rome_Lazio.html
2029,d12277428,/Restaurant_Review-g189400-d12277428-Reviews-Papadalup_Coffee_and_Bar-Athens_Attica.html
2030,d5408626,/Restaurant_Review-g274887-d5408626-Reviews-Cayman_Etterem_es_Pizzeria-Budapest_Central_Hungary.html
2031,d8813458,/Restaurant_Review-g187147-d8813458-Reviews-Paristanbul-Paris_Ile_de_France.html
2032,d4331622,/Restaurant_Review-g187147-d4331622-Reviews-La_Dauphine-Paris_Ile_de_France.html
2033,d11694124,/Restaurant_Review-g274924-d11694124-Reviews-Kvadriga_Sro-Bratislava_Bratislava_Region.html
2034,d1909700,/Restaurant_Review-g187331-d1909700-Reviews-Positano_Osteria-Hamburg.html
2035,d2337300,/Restaurant_Review-g188644-d2337300-Reviews-Le_Turon-Brussels.html
2036,d8009095,/Restaurant_Review-g187849-d8009095-Reviews-Bar_Bianco-Milan_Lombardy.html
2037,d3257033,/Restaurant_Review-g187309-d3257033-Reviews-Cotidiano-Munich_Upper_Bavaria_Bavaria.html
2038,d1346381,/Restaurant_Review-g187331-d1346381-Reviews-Taverna_Samos_Vassili_Massalis_Vereinshaus_Osterbek-Hamburg.html
2039,d8795145,/Restaurant_Review-g187514-d8795145-Reviews-Las_Delcalzas-Madrid.html
2040,d4736578,/Restaurant_Review-g187323-d4736578-Reviews-Voima-Berlin.html
2041,d2235932,/Restaurant_Review-g187147-d2235932-Reviews-Hanano-Paris_Ile_de_France.html
2042,d10792479,/Restaurant_Review-g189158-d10792479-Reviews-Petit_Gateau_Cafe-Lisbon_Lisbon_District_Central_Portugal.html
2043,d10159515,/Restaurant_Review-g274856-d10159515-Reviews-Manoush-Warsaw_Mazovia_Province_Central_Poland.html
2044,d12685528,/Restaurant_Review-g189541-d12685528-Reviews-Alimentari-Copenhagen_Zealand.html
2045,d5958902,/Restaurant_Review-g189158-d5958902-Reviews-Mestre_Doce-Lisbon_Lisbon_District_Central_Portugal.html
2046,d1222114,/Restaurant_Review-g188644-d1222114-Reviews-La_Boussole_Brassiere-Brussels.html
2047,d2223860,/Restaurant_Review-g186338-d2223860-Reviews-The_Drift_Bar_Restaurant-London_England.html
2048,d1759840,/Restaurant_Review-g190454-d1759840-Reviews-CapaTosta-Vienna.html
2049,d696466,/Restaurant_Review-g187849-d696466-Reviews-Biffi_Scala_Toula-Milan_Lombardy.html
2050,d2623559,/Restaurant_Review-g190454-d2623559-Reviews-Gasthaus_Gosser-Vienna.html
2051,d2024549,/Restaurant_Review-g274856-d2024549-Reviews-Restaurant_El_Greco-Warsaw_Mazovia_Province_Central_Poland.html
2052,d4300843,/Restaurant_Review-g186338-d4300843-Reviews-Cabana_Westfield_White_City-London_England.html
2053,d10450799,/Restaurant_Review-g189852-d10450799-Reviews-Bestia_Cafe-Stockholm.html
2054,d7288566,/Restaurant_Review-g186338-d7288566-Reviews-Chop_d-London_England.html
2055,d10094682,/Restaurant_Review-g186338-d10094682-Reviews-Bom_Pecado-London_England.html
2056,d5003303,/Restaurant_Review-g186338-d5003303-Reviews-Amoul_s-London_England.html
2057,d12546818,/Restaurant_Review-g274887-d12546818-Reviews-Chef_Coffee-Budapest_Central_Hungary.html
2058,d4867848,/Restaurant_Review-g186338-d4867848-Reviews-The_Britannia-London_England.html
2059,d7702912,/Restaurant_Review-g186338-d7702912-Reviews-Pomme_De_Pain-London_England.html
2060,d4346324,/Restaurant_Review-g189541-d4346324-Reviews-Restaurant_Turesen-Copenhagen_Zealand.html
2061,d694843,/Restaurant_Review-g274707-d694843-Reviews-Mailsi-Prague_Bohemia.html
2062,d8826603,/Restaurant_Review-g188590-d8826603-Reviews-Doner_Plazam-Amsterdam_North_Holland_Province.html
2063,d12956304,/Restaurant_Review-g187791-d12956304-Reviews-Venti_Metri_Paninoteca-Rome_Lazio.html
2064,d12954707,/Restaurant_Review-g187309-d12954707-Reviews-Cafe_36-Munich_Upper_Bavaria_Bavaria.html
2065,d8142556,/Restaurant_Review-g187497-d8142556-Reviews-Amigo_Donner_Kebab-Barcelona_Catalonia.html
2066,d7787025,/Restaurant_Review-g187497-d7787025-Reviews-Caballa_Canalla-Barcelona_Catalonia.html
2067,d8380095,/Restaurant_Review-g187514-d8380095-Reviews-El_Mirador_de_Legazpi-Madrid.html
2068,d742726,/Restaurant_Review-g187323-d742726-Reviews-L_Escargot-Berlin.html
2069,d11931652,/Restaurant_Review-g186338-d11931652-Reviews-Century-London_England.html
2070,d9715970,/Restaurant_Review-g186338-d9715970-Reviews-Ginger_Kiss-London_England.html
2071,d12322297,/Restaurant_Review-g187147-d12322297-Reviews-Boulangerie_Les_Deux_Freres-Paris_Ile_de_France.html
2072,d12522398,/Restaurant_Review-g274887-d12522398-Reviews-Anonymus_Bar_More-Budapest_Central_Hungary.html
2073,d3836815,/Restaurant_Review-g186338-d3836815-Reviews-JRC_Global_Buffet_Wood_Green-London_England.html
2074,d7282024,/Restaurant_Review-g187514-d7282024-Reviews-Pajarita-Madrid.html
2075,d12662668,/Restaurant_Review-g187514-d12662668-Reviews-Fuego_y_Sabor-Madrid.html
2076,d2281169,/Restaurant_Review-g187147-d2281169-Reviews-L_Athanor-Paris_Ile_de_France.html
2077,d7697905,/Restaurant_Review-g187265-d7697905-Reviews-La_Grange_des_Marronniers-Lyon_Rhone_Auvergne_Rhone_Alpes.html
2078,d983729,/Restaurant_Review-g187323-d983729-Reviews-Hauptmann_von_Koepenick-Berlin.html
2079,d1893964,/Restaurant_Review-g186525-d1893964-Reviews-Beirut-Edinburgh_Scotland.html
2080,d1739079,/Restaurant_Review-g186338-d1739079-Reviews-The_Dining_Room_at_the_Lounge-London_England.html
2081,d9777892,/Restaurant_Review-g186605-d9777892-Reviews-Buttery-Dublin_County_Dublin.html
2082,d7056035,/Restaurant_Review-g188644-d7056035-Reviews-Richard_Alaya-Brussels.html
2083,d6155961,/Restaurant_Review-g190454-d6155961-Reviews-Pointers_Bar_Restaurant-Vienna.html
2084,d3192111,/Restaurant_Review-g187147-d3192111-Reviews-Brasserie_de_la_Porte_Dauphine-Paris_Ile_de_France.html
2085,d6852905,/Restaurant_Review-g189158-d6852905-Reviews-A_Grande_Churrasqueira_da_Buraca-Lisbon_Lisbon_District_Central_Portugal.html
2086,d4769119,/Restaurant_Review-g274707-d4769119-Reviews-Rozmitalka_Nusle-Prague_Bohemia.html
2087,d12541071,/Restaurant_Review-g189934-d12541071-Reviews-Kampai3-Helsinki_Uusimaa.html
2088,d1540347,/Restaurant_Review-g186338-d1540347-Reviews-Poseidon_Fish_Restaurant-London_England.html
2089,d13297130,/Restaurant_Review-g187791-d13297130-Reviews-Gitano-Rome_Lazio.html
2090,d6776681,/Restaurant_Review-g187514-d6776681-Reviews-Platea_Madrid-Madrid.html
2091,d10057094,/Restaurant_Review-g274924-d10057094-Reviews-Micho_Gusto_cafe_y_tapas-Bratislava_Bratislava_Region.html
2092,d7780343,/Restaurant_Review-g190479-d7780343-Reviews-Niwa-Oslo_Eastern_Norway.html
2093,d13125004,/Restaurant_Review-g187147-d13125004-Reviews-New_Soleil_de_Paris-Paris_Ile_de_France.html
2094,d8746354,/Restaurant_Review-g187497-d8746354-Reviews-Quedamos_en_Tablas-Barcelona_Catalonia.html
2095,d4979369,/Restaurant_Review-g187497-d4979369-Reviews-Porto_Novo_Barcellona-Barcelona_Catalonia.html
2096,d10469774,/Restaurant_Review-g187147-d10469774-Reviews-Pret_A_Manger-Paris_Ile_de_France.html
2097,d9597301,/Restaurant_Review-g187265-d9597301-Reviews-Kenbo-Lyon_Rhone_Auvergne_Rhone_Alpes.html
2098,d786010,/Restaurant_Review-g189934-d786010-Reviews-Santa_Fe-Helsinki_Uusimaa.html
2099,d2543517,/Restaurant_Review-g187309-d2543517-Reviews-The_Grill_Munchen-Munich_Upper_Bavaria_Bavaria.html
2100,d1905519,/Restaurant_Review-g187791-d1905519-Reviews-Bella_Napoli_2-Rome_Lazio.html
2101,d10065979,/Restaurant_Review-g187331-d10065979-Reviews-Ashirwad_Restaurant-Hamburg.html
2102,d5812479,/Restaurant_Review-g186605-d5812479-Reviews-Autobahn-Dublin_County_Dublin.html
2103,d10039420,/Restaurant_Review-g189400-d10039420-Reviews-Laika_Bar_Resto-Athens_Attica.html
2104,d5491214,/Restaurant_Review-g187497-d5491214-Reviews-Restaurante_Ria_Kamba_C_L-Barcelona_Catalonia.html
2105,d1060053,/Restaurant_Review-g187323-d1060053-Reviews-Munch_s_Hus-Berlin.html
2106,d5615652,/Restaurant_Review-g187514-d5615652-Reviews-La_Taberna_de_Chana_Vicalvaro-Madrid.html
2107,d1836158,/Restaurant_Review-g188644-d1836158-Reviews-Bouchery-Brussels.html
2108,d9874830,/Restaurant_Review-g186338-d9874830-Reviews-The_Signal_Pub-London_England.html
2109,d12896074,/Restaurant_Review-g187323-d12896074-Reviews-Cumulus_Kneipe-Berlin.html
2110,d7724680,/Restaurant_Review-g274887-d7724680-Reviews-Gyugyi_s_Bistro-Budapest_Central_Hungary.html
2111,d8123118,/Restaurant_Review-g186525-d8123118-Reviews-Asda_Cafe_Edinburgh_Jewel-Edinburgh_Scotland.html
2112,d3470320,/Restaurant_Review-g189541-d3470320-Reviews-Spuntino-Copenhagen_Zealand.html
2113,d7953641,/Restaurant_Review-g187497-d7953641-Reviews-Cafe_De_La_Radio-Barcelona_Catalonia.html
2114,d6616359,/Restaurant_Review-g188644-d6616359-Reviews-Ex_Porte-Brussels.html
2115,d5795849,/Restaurant_Review-g186338-d5795849-Reviews-Firezza-London_England.html
2116,d694910,/Restaurant_Review-g274707-d694910-Reviews-Cantina-Prague_Bohemia.html
2117,d12237533,/Restaurant_Review-g190454-d12237533-Reviews-Creme_de_la_Creme-Vienna.html
2118,d5798049,/Restaurant_Review-g187147-d5798049-Reviews-Magic_Afrique-Paris_Ile_de_France.html
2119,d12049916,/Restaurant_Review-g186338-d12049916-Reviews-Merton_Fish_Bar-London_England.html
2120,d941465,/Restaurant_Review-g188644-d941465-Reviews-Mitsui-Brussels.html
2121,d12238866,/Restaurant_Review-g187791-d12238866-Reviews-Friggitoria_Artisti_di_strada-Rome_Lazio.html
2122,d2435372,/Restaurant_Review-g189934-d2435372-Reviews-Sushibar_Wine-Helsinki_Uusimaa.html
2123,d2312969,/Restaurant_Review-g189158-d2312969-Reviews-Annapurna-Lisbon_Lisbon_District_Central_Portugal.html
2124,d10171265,/Restaurant_Review-g189934-d10171265-Reviews-Vinkkeli-Helsinki_Uusimaa.html
2125,d813620,/Restaurant_Review-g190454-d813620-Reviews-Witwe_Bolte-Vienna.html
2126,d986480,/Restaurant_Review-g187497-d986480-Reviews-Restaurante_Xix_Kebab-Barcelona_Catalonia.html
2127,d6017506,/Restaurant_Review-g189158-d6017506-Reviews-Cais_de_Pedra-Lisbon_Lisbon_District_Central_Portugal.html
2128,d12485129,/Restaurant_Review-g6919449-d12485129-Reviews-Restaurant_Tennis_Club_de_Confignon-Confignon_Geneva.html
2129,d4496604,/Restaurant_Review-g186338-d4496604-Reviews-Hum_Tum-London_England.html
2130,d13400972,/Restaurant_Review-g188644-d13400972-Reviews-Osteria_Michele-Brussels.html
2131,d7097366,/Restaurant_Review-g187791-d7097366-Reviews-COFFEE_POT_Sushi_Mezcal-Rome_Lazio.html
2132,d7174906,/Restaurant_Review-g187849-d7174906-Reviews-Suomy_citybike_bistro-Milan_Lombardy.html
2133,d5814521,/Restaurant_Review-g186338-d5814521-Reviews-Citir_Restaurant_UK-London_England.html
2134,d12558035,/Restaurant_Review-g187147-d12558035-Reviews-Le_Lagny-Paris_Ile_de_France.html
2135,d4769032,/Restaurant_Review-g274707-d4769032-Reviews-Rozmitalka-Prague_Bohemia.html
2136,d8339928,/Restaurant_Review-g187849-d8339928-Reviews-Andy_Bar-Milan_Lombardy.html
2137,d1015003,/Restaurant_Review-g186338-d1015003-Reviews-C_B_Exchange_Square-London_England.html
2138,d2516525,/Restaurant_Review-g188113-d2516525-Reviews-Friends_Corner-Zurich.html
2139,d8445071,/Restaurant_Review-g189180-d8445071-Reviews-Adega_Bodega-Porto_Porto_District_Northern_Portugal.html
2140,d781421,/Restaurant_Review-g187147-d781421-Reviews-YO-Paris_Ile_de_France.html
2141,d4769024,/Restaurant_Review-g274707-d4769024-Reviews-U_Havrana-Prague_Bohemia.html
2142,d4022873,/Restaurant_Review-g187514-d4022873-Reviews-Restaurante_Jardin_Metropolitano-Madrid.html
2143,d5122253,/Restaurant_Review-g186338-d5122253-Reviews-Brother_Garden-London_England.html
2144,d3187190,/Restaurant_Review-g186525-d3187190-Reviews-The_Southern-Edinburgh_Scotland.html
2145,d12111212,/Restaurant_Review-g274873-d12111212-Reviews-Art_Bread-Ljubljana_Upper_Carniola_Region.html
2146,d7696931,/Restaurant_Review-g186605-d7696931-Reviews-Sbarro-Dublin_County_Dublin.html
2147,d8553497,/Restaurant_Review-g187309-d8553497-Reviews-Vee_s_Cafe-Munich_Upper_Bavaria_Bavaria.html
2148,d1014394,/Restaurant_Review-g189400-d1014394-Reviews-Kona_Kai-Athens_Attica.html
2149,d1105342,/Restaurant_Review-g189158-d1105342-Reviews-Terreiro_Do_Paco-Lisbon_Lisbon_District_Central_Portugal.html
2150,d3483747,/Restaurant_Review-g187791-d3483747-Reviews-Trattoria_Dell_Omo-Rome_Lazio.html
2151,d3571366,/Restaurant_Review-g187147-d3571366-Reviews-A_la_Tour_Eiffel-Paris_Ile_de_France.html
2152,d7002384,/Restaurant_Review-g189852-d7002384-Reviews-Koftebilen-Stockholm.html
2153,d5122196,/Restaurant_Review-g186338-d5122196-Reviews-El_Camino-London_England.html
2154,d3318617,/Restaurant_Review-g186338-d3318617-Reviews-Gospoda_Vita-London_England.html
2155,d10757828,/Restaurant_Review-g187309-d10757828-Reviews-Cafe_Noel-Munich_Upper_Bavaria_Bavaria.html
2156,d3574353,/Restaurant_Review-g190356-d3574353-Reviews-Chimi_Churri-Luxembourg_City.html
2157,d802493,/Restaurant_Review-g187265-d802493-Reviews-Le_Karachi-Lyon_Rhone_Auvergne_Rhone_Alpes.html
2158,d887297,/Restaurant_Review-g186338-d887297-Reviews-La_Porchetta-London_England.html
2159,d8511126,/Restaurant_Review-g188590-d8511126-Reviews-Buster_s-Amsterdam_North_Holland_Province.html
2160,d11668358,/Restaurant_Review-g187147-d11668358-Reviews-Chez_Rob-Paris_Ile_de_France.html
2161,d4557267,/Restaurant_Review-g187323-d4557267-Reviews-Pizza_Hut-Berlin.html
2162,d8411341,/Restaurant_Review-g187323-d8411341-Reviews-Das_Spielzimmer-Berlin.html
2163,d8087060,/Restaurant_Review-g187497-d8087060-Reviews-Tast_Restaurant-Barcelona_Catalonia.html
2164,d879376,/Restaurant_Review-g189934-d879376-Reviews-Ravintola_Oiva-Helsinki_Uusimaa.html
2165,d5863976,/Restaurant_Review-g186605-d5863976-Reviews-Scholars_Restaurant-Dublin_County_Dublin.html
2166,d6001988,/Restaurant_Review-g187791-d6001988-Reviews-Baffone1930-Rome_Lazio.html
2167,d1419003,/Restaurant_Review-g186338-d1419003-Reviews-Negozio_Classica-London_England.html
2168,d948921,/Restaurant_Review-g188590-d948921-Reviews-Casino_Amsterdam-Amsterdam_North_Holland_Province.html
2169,d12500660,/Restaurant_Review-g274887-d12500660-Reviews-Pointer_Pub_Jozsef_krt-Budapest_Central_Hungary.html
2170,d2536752,/Restaurant_Review-g189852-d2536752-Reviews-Aberg_Nilsson-Stockholm.html
2171,d945613,/Restaurant_Review-g189852-d945613-Reviews-Grinda_Wardshus-Stockholm.html
2172,d8338341,/Restaurant_Review-g187849-d8338341-Reviews-Isolbar-Milan_Lombardy.html
2173,d8594510,/Restaurant_Review-g186605-d8594510-Reviews-Le_Petit_Cafe-Dublin_County_Dublin.html
2174,d2296180,/Restaurant_Review-g187791-d2296180-Reviews-Zucchero_e_Limone-Rome_Lazio.html
2175,d12330256,/Restaurant_Review-g950786-d12330256-Reviews-Point_Chaud-Schaerbeek_Brussels.html
2176,d5489774,/Restaurant_Review-g187791-d5489774-Reviews-Il_Capriccio_di_Sonia_Poggi-Rome_Lazio.html
2177,d4474166,/Restaurant_Review-g186605-d4474166-Reviews-Kinkhao_thai_athlone_ireland-Dublin_County_Dublin.html
2178,d3685043,/Restaurant_Review-g274873-d3685043-Reviews-Han-Ljubljana_Upper_Carniola_Region.html
2179,d6385497,/Restaurant_Review-g187849-d6385497-Reviews-Bar_Cosmo-Milan_Lombardy.html
2180,d2467792,/Restaurant_Review-g186605-d2467792-Reviews-Ravellos_Restaurant-Dublin_County_Dublin.html
2181,d5779903,/Restaurant_Review-g187331-d5779903-Reviews-Joey_s_Pizza-Hamburg.html
2182,d7311521,/Restaurant_Review-g187147-d7311521-Reviews-Obrigado_Restaurant-Paris_Ile_de_France.html
2183,d3567949,/Restaurant_Review-g187147-d3567949-Reviews-La_Gioia-Paris_Ile_de_France.html
2184,d2464242,/Restaurant_Review-g187849-d2464242-Reviews-13_Giugno_Goldoni-Milan_Lombardy.html
2185,d13221221,/Restaurant_Review-g186338-d13221221-Reviews-Beef_and_Birds-London_England.html
2186,d5786840,/Restaurant_Review-g189180-d5786840-Reviews-Cafe_Orfeu-Porto_Porto_District_Northern_Portugal.html
2187,d2667982,/Restaurant_Review-g187497-d2667982-Reviews-Patio_Cordobes-Barcelona_Catalonia.html
2188,d1998751,/Restaurant_Review-g187497-d1998751-Reviews-Casa_Muyo-Barcelona_Catalonia.html
2189,d7124138,/Restaurant_Review-g274707-d7124138-Reviews-Belcredi-Prague_Bohemia.html
2190,d4208233,/Restaurant_Review-g187147-d4208233-Reviews-Pause_Beaubourg-Paris_Ile_de_France.html
2191,d3213742,/Restaurant_Review-g187791-d3213742-Reviews-La_Pizza_Gaia-Rome_Lazio.html
2192,d11808259,/Restaurant_Review-g186338-d11808259-Reviews-King_s_Head_Theatre_Pub-London_England.html
2193,d7277848,/Restaurant_Review-g187497-d7277848-Reviews-Forn_Gotic-Barcelona_Catalonia.html
2194,d4413739,/Restaurant_Review-g186605-d4413739-Reviews-Wokin_Noodle_and_Rice_Bar-Dublin_County_Dublin.html
2195,d12635830,/Restaurant_Review-g274772-d12635830-Reviews-O_ja_Cie_Donacie-Krakow_Lesser_Poland_Province_Southern_Poland.html
2196,d3679491,/Restaurant_Review-g187514-d3679491-Reviews-Pequenos_Placeres-Madrid.html
2197,d9709471,/Restaurant_Review-g186338-d9709471-Reviews-Le_Bab-London_England.html
2198,d964581,/Restaurant_Review-g187309-d964581-Reviews-Taormina-Munich_Upper_Bavaria_Bavaria.html
2199,d695175,/Restaurant_Review-g187147-d695175-Reviews-Chez_Bartolo-Paris_Ile_de_France.html
2200,d1043878,/Restaurant_Review-g186338-d1043878-Reviews-The_Banker-London_England.html
2201,d11961032,/Restaurant_Review-g187791-d11961032-Reviews-500_Food_Boutique-Rome_Lazio.html
2202,d2626162,/Restaurant_Review-g188590-d2626162-Reviews-Friet_Steeg-Amsterdam_North_Holland_Province.html
2203,d6578584,/Restaurant_Review-g189852-d6578584-Reviews-Timmermans_1857-Stockholm.html
2204,d983089,/Restaurant_Review-g189852-d983089-Reviews-RossiNi-Stockholm.html
2205,d12209906,/Restaurant_Review-g187497-d12209906-Reviews-Bar_el_David_del_Ninot_Dla-Barcelona_Catalonia.html
2206,d2180072,/Restaurant_Review-g187147-d2180072-Reviews-Philou-Paris_Ile_de_France.html
2207,d1986573,/Restaurant_Review-g188590-d1986573-Reviews-Restaurant_Blauw_Amsterdam-Amsterdam_North_Holland_Province.html
2208,d5489006,/Restaurant_Review-g187514-d5489006-Reviews-Rong_Ya-Madrid.html
2209,d2406831,/Restaurant_Review-g187791-d2406831-Reviews-Al_Vecchio_Pentolone-Rome_Lazio.html
2210,d11865425,/Restaurant_Review-g186338-d11865425-Reviews-The_Juniper_Tree-London_England.html
2211,d3970875,/Restaurant_Review-g190454-d3970875-Reviews-Das_Engel-Vienna.html
2212,d8119426,/Restaurant_Review-g186338-d8119426-Reviews-Startisans-London_England.html
2213,d1127569,/Restaurant_Review-g188113-d1127569-Reviews-Holzschopf-Zurich.html
2214,d12320533,/Restaurant_Review-g207356-d12320533-Reviews-L_Entracte_1-Bron_Lyon_Rhone_Auvergne_Rhone_Alpes.html
2215,d12215113,/Restaurant_Review-g187497-d12215113-Reviews-Nikkei_103-Barcelona_Catalonia.html
2216,d3370557,/Restaurant_Review-g187514-d3370557-Reviews-So_Good-Madrid.html
2217,d5767984,/Restaurant_Review-g187514-d5767984-Reviews-Telepizza-Madrid.html
2218,d6196829,/Restaurant_Review-g187791-d6196829-Reviews-Birra-Rome_Lazio.html
2219,d12001022,/Restaurant_Review-g187791-d12001022-Reviews-Box_Foodtruck-Rome_Lazio.html
2220,d6514660,/Restaurant_Review-g187497-d6514660-Reviews-VinoMio-Barcelona_Catalonia.html
2221,d1009460,/Restaurant_Review-g186338-d1009460-Reviews-Taza_Kebab_House-London_England.html
2222,d743872,/Restaurant_Review-g190356-d743872-Reviews-Maybe_Not_Bob_s-Luxembourg_City.html
2223,d3334574,/Restaurant_Review-g190454-d3334574-Reviews-Cafe_Don_Feliciano-Vienna.html
2224,d3173496,/Restaurant_Review-g187514-d3173496-Reviews-Maki_Malasana-Madrid.html
2225,d7738393,/Restaurant_Review-g187849-d7738393-Reviews-Pacifico-Milan_Lombardy.html
2226,d11919027,/Restaurant_Review-g187309-d11919027-Reviews-King_Loui-Munich_Upper_Bavaria_Bavaria.html
2227,d6546992,/Restaurant_Review-g187147-d6546992-Reviews-Restaurant_Paradis-Paris_Ile_de_France.html
2228,d6522146,/Restaurant_Review-g187147-d6522146-Reviews-La_Gaufrerie-Paris_Ile_de_France.html
2229,d7615709,/Restaurant_Review-g186338-d7615709-Reviews-Le_Peep_Boutique-London_England.html
2230,d817127,/Restaurant_Review-g186338-d817127-Reviews-Sams-London_England.html
2231,d8474645,/Restaurant_Review-g274887-d8474645-Reviews-Bamba_Marha-Budapest_Central_Hungary.html
2232,d1160583,/Restaurant_Review-g187497-d1160583-Reviews-Foster_s_Hollywood-Barcelona_Catalonia.html
2233,d3583486,/Restaurant_Review-g187147-d3583486-Reviews-Nino_Pizza-Paris_Ile_de_France.html
2234,d1381063,/Restaurant_Review-g186338-d1381063-Reviews-Searcys_at_The_Gherkin-London_England.html
2235,d4545060,/Restaurant_Review-g186338-d4545060-Reviews-Horapha_Thai_Cuisine-London_England.html
2236,d5616673,/Restaurant_Review-g187514-d5616673-Reviews-Maes_De_Flandes-Madrid.html
2237,d7794299,/Restaurant_Review-g189400-d7794299-Reviews-Oinomageireio_H_Epirus-Athens_Attica.html
2238,d5890760,/Restaurant_Review-g187265-d5890760-Reviews-Bar_le_Sherrington-Lyon_Rhone_Auvergne_Rhone_Alpes.html
2239,d2700218,/Restaurant_Review-g186605-d2700218-Reviews-Brother_Hubbard_North-Dublin_County_Dublin.html
2240,d12688891,/Restaurant_Review-g186338-d12688891-Reviews-The_Coal_House_Cafe-London_England.html
2241,d10056325,/Restaurant_Review-g186338-d10056325-Reviews-Birley_Sandwiches-London_England.html
2242,d2298431,/Restaurant_Review-g187849-d2298431-Reviews-Trattoria_Da_Lina-Milan_Lombardy.html
2243,d10454646,/Restaurant_Review-g187309-d10454646-Reviews-Hans_Im_Gluck-Munich_Upper_Bavaria_Bavaria.html
2244,d13197190,/Restaurant_Review-g187497-d13197190-Reviews-Chalito-Barcelona_Catalonia.html
2245,d7912377,/Restaurant_Review-g187497-d7912377-Reviews-Bristol_Cafe_Gastropub-Barcelona_Catalonia.html
2246,d2020466,/Restaurant_Review-g187323-d2020466-Reviews-HBC-Berlin.html
2247,d4570532,/Restaurant_Review-g186338-d4570532-Reviews-The_Three_Lords-London_England.html
2248,d939880,/Restaurant_Review-g186338-d939880-Reviews-Strada_Blackheath-London_England.html
2249,d8050368,/Restaurant_Review-g187323-d8050368-Reviews-Papilles-Berlin.html
2250,d12959315,/Restaurant_Review-g189158-d12959315-Reviews-Pesca-Lisbon_Lisbon_District_Central_Portugal.html
2251,d8599622,/Restaurant_Review-g186338-d8599622-Reviews-The_Beer_House-London_England.html
2252,d6706487,/Restaurant_Review-g187514-d6706487-Reviews-Claravia_Restaurant-Madrid.html
2253,d2149500,/Restaurant_Review-g186338-d2149500-Reviews-Massimo_Restaurant-London_England.html
2254,d13329010,/Restaurant_Review-g187791-d13329010-Reviews-Al_Passo_Del_Tordo_Ristorante_Pizzeria-Rome_Lazio.html
2255,d8178565,/Restaurant_Review-g187147-d8178565-Reviews-Le_Carrousel-Paris_Ile_de_France.html
2256,d6575397,/Restaurant_Review-g188113-d6575397-Reviews-Salon-Zurich.html
2257,d7648404,/Restaurant_Review-g189180-d7648404-Reviews-Taberna_Filha_da_Mae_Preta-Porto_Porto_District_Northern_Portugal.html
2258,d2196548,/Restaurant_Review-g187791-d2196548-Reviews-Enoteca_Semidivino-Rome_Lazio.html
2259,d6404820,/Restaurant_Review-g187265-d6404820-Reviews-Home_Sushi-Lyon_Rhone_Auvergne_Rhone_Alpes.html
2260,d4185368,/Restaurant_Review-g190454-d4185368-Reviews-Teddy_s_RingelSpiel-Vienna.html
2261,d4844103,/Restaurant_Review-g188590-d4844103-Reviews-De_Culinaire_Werkplaats-Amsterdam_North_Holland_Province.html
2262,d1038919,/Restaurant_Review-g187331-d1038919-Reviews-Dos_Amigos_Mexican_Restaurant-Hamburg.html
2263,d12860798,/Restaurant_Review-g187331-d12860798-Reviews-Wok_Haus-Hamburg.html
2264,d13010552,/Restaurant_Review-g274887-d13010552-Reviews-Bellozzo_Westend-Budapest_Central_Hungary.html
2265,d10202560,/Restaurant_Review-g188644-d10202560-Reviews-Bernie_s_Burgers-Brussels.html
2266,d8340160,/Restaurant_Review-g187849-d8340160-Reviews-Non_Solo_Caffe-Milan_Lombardy.html
2267,d815056,/Restaurant_Review-g190454-d815056-Reviews-FRANK_S_American_Bar_Restaurant-Vienna.html
2268,d2671347,/Restaurant_Review-g186338-d2671347-Reviews-Nando_s-London_England.html
2269,d11816597,/Restaurant_Review-g189400-d11816597-Reviews-Wokart-Athens_Attica.html
2270,d11838998,/Restaurant_Review-g274856-d11838998-Reviews-Hunter-Warsaw_Mazovia_Province_Central_Poland.html
2271,d8388206,/Restaurant_Review-g187849-d8388206-Reviews-Mati_Bistrot-Milan_Lombardy.html
2272,d7893348,/Restaurant_Review-g186338-d7893348-Reviews-Gabby_s-London_England.html
2273,d1064955,/Restaurant_Review-g187147-d1064955-Reviews-Villa_Victoria-Paris_Ile_de_France.html
2274,d8319441,/Restaurant_Review-g187849-d8319441-Reviews-LA_CAPAGIRA_2-Milan_Lombardy.html
2275,d8339926,/Restaurant_Review-g187849-d8339926-Reviews-Art_Cafe-Milan_Lombardy.html
2276,d7355765,/Restaurant_Review-g189180-d7355765-Reviews-A_Cozinha_Da_Maria_Eugenia-Porto_Porto_District_Northern_Portugal.html
2277,d7953197,/Restaurant_Review-g187497-d7953197-Reviews-Asador_De_Galicia_3-Barcelona_Catalonia.html
2278,d2253979,/Restaurant_Review-g186338-d2253979-Reviews-Mirash_Tandoori-London_England.html
2279,d7112023,/Restaurant_Review-g187497-d7112023-Reviews-GLOW_BAR-Barcelona_Catalonia.html
2280,d13297982,/Restaurant_Review-g187265-d13297982-Reviews-Namaste-Lyon_Rhone_Auvergne_Rhone_Alpes.html
2281,d942128,/Restaurant_Review-g187147-d942128-Reviews-HANOUMAN-Paris_Ile_de_France.html
2282,d2363719,/Restaurant_Review-g187331-d2363719-Reviews-Cafe_du_passage-Hamburg.html
2283,d3932299,/Restaurant_Review-g187849-d3932299-Reviews-Sorso-Milan_Lombardy.html
2284,d2370693,/Restaurant_Review-g187849-d2370693-Reviews-Pizzeria_Genius-Milan_Lombardy.html
2285,d12857939,/Restaurant_Review-g187849-d12857939-Reviews-Piadart-Milan_Lombardy.html
2286,d5816787,/Restaurant_Review-g186338-d5816787-Reviews-Red_Spice-London_England.html
2287,d10176590,/Restaurant_Review-g187514-d10176590-Reviews-Hot_Cold_Pizza_Bar-Madrid.html
2288,d7823914,/Restaurant_Review-g186605-d7823914-Reviews-McCafe-Dublin_County_Dublin.html
2289,d4698301,/Restaurant_Review-g187514-d4698301-Reviews-Pampa_Beef-Madrid.html
2290,d3793878,/Restaurant_Review-g189158-d3793878-Reviews-Osteria_Cucina_di_Amici-Lisbon_Lisbon_District_Central_Portugal.html
2291,d7622301,/Restaurant_Review-g189158-d7622301-Reviews-Contessa_Antipasti-Lisbon_Lisbon_District_Central_Portugal.html
2292,d1907599,/Restaurant_Review-g190454-d1907599-Reviews-Giersterbrau-Vienna.html
2293,d12724369,/Restaurant_Review-g187323-d12724369-Reviews-Goodies-Berlin.html
2294,d4570302,/Restaurant_Review-g274707-d4570302-Reviews-Wallachian_pub_restaurant-Prague_Bohemia.html
2295,d12574544,/Restaurant_Review-g274887-d12574544-Reviews-Barkert_Bistro-Budapest_Central_Hungary.html
2296,d1035322,/Restaurant_Review-g187147-d1035322-Reviews-Pathya-Paris_Ile_de_France.html
2297,d5048719,/Restaurant_Review-g274707-d5048719-Reviews-KFC_OC_Chodov-Prague_Bohemia.html
2298,d8470410,/Restaurant_Review-g188590-d8470410-Reviews-Restaurant_95-Amsterdam_North_Holland_Province.html
2299,d10252555,/Restaurant_Review-g188590-d10252555-Reviews-Delifrance-Amsterdam_North_Holland_Province.html
2300,d3588974,/Restaurant_Review-g274707-d3588974-Reviews-U_Budovce-Prague_Bohemia.html
2301,d6915962,/Restaurant_Review-g187497-d6915962-Reviews-BOLICHE_PARRILLA-Barcelona_Catalonia.html
2302,d1937570,/Restaurant_Review-g274707-d1937570-Reviews-Prague_Beer_Museum-Prague_Bohemia.html
2303,d7719971,/Restaurant_Review-g207360-d7719971-Reviews-Pizza_Rosa-Villeurbanne_Lyon_Rhone_Auvergne_Rhone_Alpes.html
2304,d4284157,/Restaurant_Review-g186338-d4284157-Reviews-The_Steam_Passage_Tavern-London_England.html
2305,d5527251,/Restaurant_Review-g188113-d5527251-Reviews-Hello_Bar-Zurich.html
2306,d788137,/Restaurant_Review-g187791-d788137-Reviews-Duke_s-Rome_Lazio.html
2307,d1749530,/Restaurant_Review-g187791-d1749530-Reviews-Carpe_Diem-Rome_Lazio.html
2308,d10872550,/Restaurant_Review-g187849-d10872550-Reviews-Brutti_di_Mare-Milan_Lombardy.html
2309,d7075629,/Restaurant_Review-g274772-d7075629-Reviews-Miodova_Restaurant-Krakow_Lesser_Poland_Province_Southern_Poland.html
2310,d7247843,/Restaurant_Review-g187497-d7247843-Reviews-Rovi_Tapas_Bar_Restaurant-Barcelona_Catalonia.html
2311,d983834,/Restaurant_Review-g187323-d983834-Reviews-Junction_Bar-Berlin.html
2312,d2707948,/Restaurant_Review-g187309-d2707948-Reviews-Trattoria_La_Dolce_Vita-Munich_Upper_Bavaria_Bavaria.html
2313,d1156130,/Restaurant_Review-g187497-d1156130-Reviews-Bonissim-Barcelona_Catalonia.html
2314,d8867655,/Restaurant_Review-g187514-d8867655-Reviews-Tremolina-Madrid.html
2315,d4762298,/Restaurant_Review-g187514-d4762298-Reviews-Feltman_s_Hot_Dogs-Madrid.html
2316,d10297330,/Restaurant_Review-g187147-d10297330-Reviews-ZA_Paris-Paris_Ile_de_France.html
2317,d2073077,/Restaurant_Review-g187514-d2073077-Reviews-Restaurante_El_Cocinillas-Madrid.html
2318,d1335349,/Restaurant_Review-g187147-d1335349-Reviews-Mazazic-Paris_Ile_de_France.html
2319,d5871029,/Restaurant_Review-g187497-d5871029-Reviews-El_Cafe_Del_Centro-Barcelona_Catalonia.html
2320,d12670270,/Restaurant_Review-g188590-d12670270-Reviews-Grillroom_Shoarma_Mesut-Amsterdam_North_Holland_Province.html
2321,d3473472,/Restaurant_Review-g187309-d3473472-Reviews-Alter_Ofen-Munich_Upper_Bavaria_Bavaria.html
2322,d3682607,/Restaurant_Review-g187497-d3682607-Reviews-Ristorante_italiano_Pizzeria_La_Cucina_Di_Pulcinella-Barcelona_Catalonia.html
2323,d13292592,/Restaurant_Review-g189541-d13292592-Reviews-Monastic-Copenhagen_Zealand.html
2324,d3947082,/Restaurant_Review-g188644-d3947082-Reviews-New_Donatello-Brussels.html
2325,d8747182,/Restaurant_Review-g188113-d8747182-Reviews-New_Point-Zurich.html
2326,d3684992,/Restaurant_Review-g188113-d3684992-Reviews-Apollo_Taverne-Zurich.html
2327,d10607134,/Restaurant_Review-g187323-d10607134-Reviews-Foodie_Burger_Steak_Pasta-Berlin.html
2328,d2702414,/Restaurant_Review-g189158-d2702414-Reviews-Restaurante_Pokhara-Lisbon_Lisbon_District_Central_Portugal.html
2329,d1103252,/Restaurant_Review-g188113-d1103252-Reviews-Amalfi-Zurich.html
2330,d8796301,/Restaurant_Review-g187331-d8796301-Reviews-Fidelio_Bergedorf-Hamburg.html
2331,d6780498,/Restaurant_Review-g187309-d6780498-Reviews-Zur_Geyerwally-Munich_Upper_Bavaria_Bavaria.html
2332,d12982847,/Restaurant_Review-g187309-d12982847-Reviews-Schneeweinchen_und_Rosenbrot-Munich_Upper_Bavaria_Bavaria.html
2333,d7991287,/Restaurant_Review-g186338-d7991287-Reviews-The_Rising_Sun-London_England.html
2334,d2182773,/Restaurant_Review-g187147-d2182773-Reviews-Tang_gourmet-Paris_Ile_de_France.html
2335,d1478390,/Restaurant_Review-g187265-d1478390-Reviews-City_Bagel_s-Lyon_Rhone_Auvergne_Rhone_Alpes.html
2336,d11918250,/Restaurant_Review-g187497-d11918250-Reviews-Los_Juanele-Barcelona_Catalonia.html
2337,d8817539,/Restaurant_Review-g186338-d8817539-Reviews-Chinese_Laundry-London_England.html
2338,d11957174,/Restaurant_Review-g190454-d11957174-Reviews-Aragwy_Georgisches_Restaurant-Vienna.html
2339,d2641973,/Restaurant_Review-g274707-d2641973-Reviews-Piccolo_Mondo-Prague_Bohemia.html
2340,d806714,/Restaurant_Review-g187514-d806714-Reviews-Cornucopia-Madrid.html
2341,d6023671,/Restaurant_Review-g274707-d6023671-Reviews-Restaurant_Tetu_Brissy-Prague_Bohemia.html
2342,d12675937,/Restaurant_Review-g187791-d12675937-Reviews-Wasabi-Rome_Lazio.html
2343,d4325874,/Restaurant_Review-g188590-d4325874-Reviews-De_Blauwe_Druif-Amsterdam_North_Holland_Province.html
2344,d5122912,/Restaurant_Review-g186338-d5122912-Reviews-Hong_Kong_Garden-London_England.html
2345,d11892658,/Restaurant_Review-g274707-d11892658-Reviews-Home_Kitchen-Prague_Bohemia.html
2346,d2278891,/Restaurant_Review-g187791-d2278891-Reviews-Al_Confessionale-Rome_Lazio.html
2347,d7895967,/Restaurant_Review-g187147-d7895967-Reviews-Les_Anges-Paris_Ile_de_France.html
2348,d10169275,/Restaurant_Review-g187514-d10169275-Reviews-GO_Sushing_Barajas-Madrid.html
2349,d8360663,/Restaurant_Review-g187265-d8360663-Reviews-Au_comptoir_les_gones-Lyon_Rhone_Auvergne_Rhone_Alpes.html
2350,d6413462,/Restaurant_Review-g189852-d6413462-Reviews-Angelas_Deli_Cafe-Stockholm.html
2351,d11758449,/Restaurant_Review-g187514-d11758449-Reviews-Restaurante_Las_Aguilas-Madrid.html
2352,d3672526,/Restaurant_Review-g187265-d3672526-Reviews-L_Opera_bouffe-Lyon_Rhone_Auvergne_Rhone_Alpes.html
2353,d5975762,/Restaurant_Review-g190454-d5975762-Reviews-Gasthaus_Hansi-Vienna.html
2354,d12799415,/Restaurant_Review-g274707-d12799415-Reviews-La_Bibiche_Verte-Prague_Bohemia.html
2355,d9785381,/Restaurant_Review-g187323-d9785381-Reviews-Primavera_Ristorante-Berlin.html
2356,d2298686,/Restaurant_Review-g187514-d2298686-Reviews-Mashita-Madrid.html
2357,d12327431,/Restaurant_Review-g274772-d12327431-Reviews-Nota_Resto_by_Tomasz_Lesniak-Krakow_Lesser_Poland_Province_Southern_Poland.html
2358,d7890280,/Restaurant_Review-g189934-d7890280-Reviews-Beef_Grill-Helsinki_Uusimaa.html
2359,d3727273,/Restaurant_Review-g187147-d3727273-Reviews-Restaurant_Bona_Suzy-Paris_Ile_de_France.html
2360,d3545873,/Restaurant_Review-g186338-d3545873-Reviews-Bongo_Bar_Restaurant-London_England.html
2361,d2091739,/Restaurant_Review-g187791-d2091739-Reviews-20e20_Osteria_Enoteca-Rome_Lazio.html
2362,d2089962,/Restaurant_Review-g187497-d2089962-Reviews-El_Caliu_de_l_Eixample-Barcelona_Catalonia.html
2363,d2654765,/Restaurant_Review-g274887-d2654765-Reviews-Fresco_Liszt_Cafe_Lounge-Budapest_Central_Hungary.html
2364,d8705042,/Restaurant_Review-g186338-d8705042-Reviews-Tryencore-London_England.html
2365,d10811404,/Restaurant_Review-g187497-d10811404-Reviews-Las_Artes_Sanas-Barcelona_Catalonia.html
2366,d5788990,/Restaurant_Review-g187497-d5788990-Reviews-Burger_King-Barcelona_Catalonia.html
2367,d1018810,/Restaurant_Review-g186338-d1018810-Reviews-Japanese_Canteen_Ludgate_Broadway-London_England.html
2368,d8708371,/Restaurant_Review-g188590-d8708371-Reviews-Instock_Toko-Amsterdam_North_Holland_Province.html
2369,d1464634,/Restaurant_Review-g187514-d1464634-Reviews-Han_Gang-Madrid.html
2370,d1044135,/Restaurant_Review-g186338-d1044135-Reviews-Francofill_Fast_French_Food-London_England.html
2371,d4432600,/Restaurant_Review-g187265-d4432600-Reviews-Nicolo_e_Maria-Lyon_Rhone_Auvergne_Rhone_Alpes.html
2372,d12171872,/Restaurant_Review-g186605-d12171872-Reviews-The_Cock_and_Bull_Raheny-Dublin_County_Dublin.html
2373,d1035413,/Restaurant_Review-g187147-d1035413-Reviews-Le_Boudoir-Paris_Ile_de_France.html
2374,d4092490,/Restaurant_Review-g188590-d4092490-Reviews-Oriental_Grill-Amsterdam_North_Holland_Province.html
2375,d6673156,/Restaurant_Review-g187147-d6673156-Reviews-Cristal-Paris_Ile_de_France.html
2376,d10734534,/Restaurant_Review-g186338-d10734534-Reviews-BAO_Fitzrovia-London_England.html
2377,d3850010,/Restaurant_Review-g190454-d3850010-Reviews-Takami-Vienna.html
2378,d4557068,/Restaurant_Review-g188590-d4557068-Reviews-Argentinos_San_Thomas-Amsterdam_North_Holland_Province.html
2379,d8733614,/Restaurant_Review-g188113-d8733614-Reviews-Konditorei_Berner-Zurich.html
2380,d8339962,/Restaurant_Review-g187849-d8339962-Reviews-Da_Luigi_E_Anna-Milan_Lombardy.html
2381,d1016864,/Restaurant_Review-g186338-d1016864-Reviews-Local_Friends-London_England.html
2382,d7314391,/Restaurant_Review-g186338-d7314391-Reviews-The_Warrant_Officer-London_England.html
2383,d12459332,/Restaurant_Review-g187147-d12459332-Reviews-Honore_1875-Paris_Ile_de_France.html
2384,d964531,/Restaurant_Review-g187309-d964531-Reviews-Ruen_Thai-Munich_Upper_Bavaria_Bavaria.html
2385,d7145743,/Restaurant_Review-g187849-d7145743-Reviews-Caffe_Fidia-Milan_Lombardy.html
2386,d10281901,/Restaurant_Review-g187849-d10281901-Reviews-Pizzeria_Tom_Jerry-Milan_Lombardy.html
2387,d7991725,/Restaurant_Review-g186525-d7991725-Reviews-Cafe_Dalziel-Edinburgh_Scotland.html
2388,d5667654,/Restaurant_Review-g187323-d5667654-Reviews-Shaniu_s_House_of_Noodles-Berlin.html
2389,d7021769,/Restaurant_Review-g186525-d7021769-Reviews-Sodaeng-Edinburgh_Scotland.html
2390,d2142583,/Restaurant_Review-g187147-d2142583-Reviews-Brewberry-Paris_Ile_de_France.html
2391,d1984731,/Restaurant_Review-g187331-d1984731-Reviews-Mangold_Lokal-Hamburg.html
2392,d697137,/Restaurant_Review-g274856-d697137-Reviews-Pod_Samsonem-Warsaw_Mazovia_Province_Central_Poland.html
2393,d7304427,/Restaurant_Review-g186525-d7304427-Reviews-Goya23-Edinburgh_Scotland.html
2394,d1874794,/Restaurant_Review-g274887-d1874794-Reviews-Rozmaring_Kertvendeglo-Budapest_Central_Hungary.html
2395,d7143884,/Restaurant_Review-g187147-d7143884-Reviews-Thirsty_Mad_Cat-Paris_Ile_de_France.html
2396,d3820650,/Restaurant_Review-g187849-d3820650-Reviews-Buona_Forchetta-Milan_Lombardy.html
2397,d1322139,/Restaurant_Review-g187265-d1322139-Reviews-Zagros-Lyon_Rhone_Auvergne_Rhone_Alpes.html
2398,d11778912,/Restaurant_Review-g187849-d11778912-Reviews-Rossini_Restaurant_Pizzeria-Milan_Lombardy.html
2399,d692912,/Restaurant_Review-g274887-d692912-Reviews-Rosenstein-Budapest_Central_Hungary.html
2400,d2501128,/Restaurant_Review-g187265-d2501128-Reviews-Les_Tournesols-Lyon_Rhone_Auvergne_Rhone_Alpes.html
2401,d4541300,/Restaurant_Review-g189541-d4541300-Reviews-Banana_Joe-Copenhagen_Zealand.html
2402,d986238,/Restaurant_Review-g187497-d986238-Reviews-Ataula_D_entenca-Barcelona_Catalonia.html
2403,d11653107,/Restaurant_Review-g189180-d11653107-Reviews-Garageiro_Petiscaria-Porto_Porto_District_Northern_Portugal.html
2404,d12506169,/Restaurant_Review-g186525-d12506169-Reviews-Thistle_Cafe-Edinburgh_Scotland.html
2405,d8638771,/Restaurant_Review-g187323-d8638771-Reviews-Gul_Restaurant-Berlin.html
2406,d10428955,/Restaurant_Review-g187497-d10428955-Reviews-El_Bon_Dia-Barcelona_Catalonia.html
2407,d3906749,/Restaurant_Review-g189852-d3906749-Reviews-Thai_Oasen-Stockholm.html
2408,d12209805,/Restaurant_Review-g189158-d12209805-Reviews-Old_vic-Lisbon_Lisbon_District_Central_Portugal.html
2409,d10186411,/Restaurant_Review-g187147-d10186411-Reviews-Les_2_au_coin-Paris_Ile_de_France.html
2410,d731671,/Restaurant_Review-g186338-d731671-Reviews-Arcadia_Restaurant-London_England.html
2411,d7599091,/Restaurant_Review-g274707-d7599091-Reviews-Buddha_Cajovna-Prague_Bohemia.html
2412,d7398367,/Restaurant_Review-g189400-d7398367-Reviews-Stoa_ou_Agathona-Athens_Attica.html
2413,d1103216,/Restaurant_Review-g187849-d1103216-Reviews-Andry-Milan_Lombardy.html
2414,d1342746,/Restaurant_Review-g187323-d1342746-Reviews-Sushi_Cube-Berlin.html
2415,d2141684,/Restaurant_Review-g187849-d2141684-Reviews-L_Antro_della_Sibilla-Milan_Lombardy.html
2416,d5496874,/Restaurant_Review-g187849-d5496874-Reviews-Ristorante_Settembrini_22_o_24-Milan_Lombardy.html
2417,d6394921,/Restaurant_Review-g189852-d6394921-Reviews-Bistro_Hansson-Stockholm.html
2418,d2075685,/Restaurant_Review-g274772-d2075685-Reviews-Bistro_Marago-Krakow_Lesser_Poland_Province_Southern_Poland.html
2419,d1370709,/Restaurant_Review-g274707-d1370709-Reviews-Arslan_Kebap-Prague_Bohemia.html
2420,d1200439,/Restaurant_Review-g188590-d1200439-Reviews-Momo-Amsterdam_North_Holland_Province.html
2421,d7123995,/Restaurant_Review-g274707-d7123995-Reviews-Fu_Yuan-Prague_Bohemia.html
2422,d5890472,/Restaurant_Review-g187791-d5890472-Reviews-Trattoria_Strozzaquintino-Rome_Lazio.html
2423,d4406832,/Restaurant_Review-g187147-d4406832-Reviews-Four_Saisons-Paris_Ile_de_France.html
2424,d4596123,/Restaurant_Review-g187147-d4596123-Reviews-Lunch_Club-Paris_Ile_de_France.html
2425,d958900,/Restaurant_Review-g187323-d958900-Reviews-Toronto-Berlin.html
2426,d717312,/Restaurant_Review-g187497-d717312-Reviews-Laie_Libreria_Cafe-Barcelona_Catalonia.html
2427,d6418227,/Restaurant_Review-g187514-d6418227-Reviews-Bar_Marius-Madrid.html
2428,d1037241,/Restaurant_Review-g187323-d1037241-Reviews-Restaurant_Ratana-Berlin.html
2429,d5768957,/Restaurant_Review-g186338-d5768957-Reviews-Wok_s_Cooking-London_England.html
2430,d5817597,/Restaurant_Review-g186525-d5817597-Reviews-THE_LITTLE_INN-Edinburgh_Scotland.html
2431,d8625915,/Restaurant_Review-g186338-d8625915-Reviews-Delhi_Bites-London_England.html
2432,d6894011,/Restaurant_Review-g187514-d6894011-Reviews-Nigiri_Fuencarral-Madrid.html
2433,d10127436,/Restaurant_Review-g189541-d10127436-Reviews-Skagen_Fiskerestaurant_Illum_Rooftop-Copenhagen_Zealand.html
2434,d8372075,/Restaurant_Review-g187791-d8372075-Reviews-Ferrobedo-Rome_Lazio.html
2435,d12347557,/Restaurant_Review-g187791-d12347557-Reviews-Oysteria-Rome_Lazio.html
2436,d9830937,/Restaurant_Review-g187147-d9830937-Reviews-Cinema_Cafe-Paris_Ile_de_France.html
2437,d1035507,/Restaurant_Review-g187147-d1035507-Reviews-Le_Malakoff-Paris_Ile_de_France.html
2438,d8845739,/Restaurant_Review-g188590-d8845739-Reviews-Cafe_Fest-Amsterdam_North_Holland_Province.html
2439,d8437495,/Restaurant_Review-g187849-d8437495-Reviews-Seafood_Bar_Piazza_Vetra-Milan_Lombardy.html
2440,d12460072,/Restaurant_Review-g274707-d12460072-Reviews-Kafe_79-Prague_Bohemia.html
2441,d10838874,/Restaurant_Review-g189158-d10838874-Reviews-Sushicome-Lisbon_Lisbon_District_Central_Portugal.html
2442,d4450747,/Restaurant_Review-g187849-d4450747-Reviews-Sottovoce-Milan_Lombardy.html
2443,d8596033,/Restaurant_Review-g189158-d8596033-Reviews-Restaurante_Club_Do_Operario-Lisbon_Lisbon_District_Central_Portugal.html
2444,d4469386,/Restaurant_Review-g187791-d4469386-Reviews-Grani_di_Sale_Ristorante_Pizzeria-Rome_Lazio.html
2445,d3785877,/Restaurant_Review-g187147-d3785877-Reviews-Le_Cinquante-Paris_Ile_de_France.html
2446,d6848478,/Restaurant_Review-g187497-d6848478-Reviews-La_Pizzarra-Barcelona_Catalonia.html
2447,d9857772,/Restaurant_Review-g188590-d9857772-Reviews-Thrill_Grill-Amsterdam_North_Holland_Province.html
2448,d5031518,/Restaurant_Review-g274707-d5031518-Reviews-Sklipek_u_Munku-Prague_Bohemia.html
2449,d3820809,/Restaurant_Review-g189180-d3820809-Reviews-Casa_da_Picanha_Rodizio_Steak_Grill_Porto-Porto_Porto_District_Northern_Portugal.html
2450,d5529011,/Restaurant_Review-g187309-d5529011-Reviews-Clasen-Munich_Upper_Bavaria_Bavaria.html
2451,d9770053,/Restaurant_Review-g189158-d9770053-Reviews-Restaurantes_Chines_Nuvem_Mar-Lisbon_Lisbon_District_Central_Portugal.html
2452,d3171327,/Restaurant_Review-g186338-d3171327-Reviews-Ping_Pong_St_Christopher_s_Place-London_England.html
2453,d11435752,/Restaurant_Review-g187849-d11435752-Reviews-Siciliano-Milan_Lombardy.html
2454,d6628567,/Restaurant_Review-g187514-d6628567-Reviews-Celso_y_Manolo-Madrid.html
2455,d2083156,/Restaurant_Review-g187514-d2083156-Reviews-Metro_Bistro_Templo_de_Debod-Madrid.html
2456,d10372057,/Restaurant_Review-g187323-d10372057-Reviews-Ashanti-Berlin.html
2457,d2043034,/Restaurant_Review-g190454-d2043034-Reviews-5er_Brau-Vienna.html
2458,d7741966,/Restaurant_Review-g187849-d7741966-Reviews-La_Sardina_Innamorata-Milan_Lombardy.html
2459,d3968271,/Restaurant_Review-g189400-d3968271-Reviews-Cantina_De_Lycabetto-Athens_Attica.html
2460,d7123720,/Restaurant_Review-g274707-d7123720-Reviews-U_Splavu-Prague_Bohemia.html
2461,d742368,/Restaurant_Review-g187147-d742368-Reviews-La_Riviera-Paris_Ile_de_France.html
2462,d715016,/Restaurant_Review-g187147-d715016-Reviews-Coffee_Parisien-Paris_Ile_de_France.html
2463,d11711683,/Restaurant_Review-g187147-d11711683-Reviews-Bihan_Cafe-Paris_Ile_de_France.html
2464,d733327,/Restaurant_Review-g186338-d733327-Reviews-The_Castle-London_England.html
2465,d7595083,/Restaurant_Review-g187791-d7595083-Reviews-H80_FAME-Rome_Lazio.html
2466,d3368242,/Restaurant_Review-g187497-d3368242-Reviews-La_FLipper-Barcelona_Catalonia.html
2467,d11812614,/Restaurant_Review-g187323-d11812614-Reviews-Pfalzstaff-Berlin.html
2468,d3313931,/Restaurant_Review-g274856-d3313931-Reviews-Bar_Warszawa-Warsaw_Mazovia_Province_Central_Poland.html
2469,d8621639,/Restaurant_Review-g274887-d8621639-Reviews-ToLTo-Budapest_Central_Hungary.html
2470,d4925026,/Restaurant_Review-g186525-d4925026-Reviews-Subway-Edinburgh_Scotland.html
2471,d1127742,/Restaurant_Review-g188644-d1127742-Reviews-Frederiksborg-Brussels.html
2472,d6279745,/Restaurant_Review-g187147-d6279745-Reviews-Kino-Paris_Ile_de_France.html
2473,d5778698,/Restaurant_Review-g186338-d5778698-Reviews-Talay_Thai_Restaurant-London_England.html
2474,d12079796,/Restaurant_Review-g186338-d12079796-Reviews-Don_Luigi-London_England.html
2475,d2615757,/Restaurant_Review-g189158-d2615757-Reviews-La_Parrilla-Lisbon_Lisbon_District_Central_Portugal.html
2476,d4769768,/Restaurant_Review-g274924-d4769768-Reviews-Ristorante_La_Vita-Bratislava_Bratislava_Region.html
2477,d1036040,/Restaurant_Review-g187309-d1036040-Reviews-Kuchlverzeichnis-Munich_Upper_Bavaria_Bavaria.html
2478,d6751367,/Restaurant_Review-g189852-d6751367-Reviews-Vretastugan_Restaurang_Pizzeria-Stockholm.html
2479,d1007176,/Restaurant_Review-g186338-d1007176-Reviews-Oriental_Canteen-London_England.html
2480,d9830919,/Restaurant_Review-g189852-d9830919-Reviews-Fat_Franks_Pizza_Wine-Stockholm.html
2481,d2305364,/Restaurant_Review-g274887-d2305364-Reviews-Szazeves_Restaurant-Budapest_Central_Hungary.html
2482,d10782587,/Restaurant_Review-g186605-d10782587-Reviews-V_N_V_Restaurant-Dublin_County_Dublin.html
2483,d1990905,/Restaurant_Review-g187497-d1990905-Reviews-El_Ramblero-Barcelona_Catalonia.html
2484,d10844696,/Restaurant_Review-g187497-d10844696-Reviews-Steak_Burger-Barcelona_Catalonia.html
2485,d9856872,/Restaurant_Review-g187514-d9856872-Reviews-La_Parilla_De_Galicia_Madrid-Madrid.html
2486,d3524572,/Restaurant_Review-g188644-d3524572-Reviews-Le_Crabe_Fantome-Brussels.html
2487,d2429906,/Restaurant_Review-g187514-d2429906-Reviews-Restaurante_Viva_Madrid-Madrid.html
2488,d733490,/Restaurant_Review-g186338-d733490-Reviews-Madras_Restaurant-London_England.html
2489,d12396335,/Restaurant_Review-g187323-d12396335-Reviews-Restaurant_Athos-Berlin.html
2490,d5794920,/Restaurant_Review-g187514-d5794920-Reviews-Foster_s_Hollywood-Madrid.html
2491,d781860,/Restaurant_Review-g187147-d781860-Reviews-Korean_Barbecue_Montparnasse-Paris_Ile_de_France.html
2492,d7251001,/Restaurant_Review-g186338-d7251001-Reviews-La_Rocca_Restaurant_Pizzeria-London_England.html
2493,d1007345,/Restaurant_Review-g188644-d1007345-Reviews-La_Boule_Rouge-Brussels.html
2494,d3338556,/Restaurant_Review-g186338-d3338556-Reviews-Lara_Restaurant-London_England.html
2495,d11621572,/Restaurant_Review-g186338-d11621572-Reviews-Oishii_Japanese_Restaurant-London_England.html
2496,d4496587,/Restaurant_Review-g187265-d4496587-Reviews-Planet_Sushi-Lyon_Rhone_Auvergne_Rhone_Alpes.html
2497,d7621063,/Restaurant_Review-g189158-d7621063-Reviews-Tasca_Do_Papagaio-Lisbon_Lisbon_District_Central_Portugal.html
2498,d4413366,/Restaurant_Review-g187147-d4413366-Reviews-La_cagnotte-Paris_Ile_de_France.html
2499,d4888842,/Restaurant_Review-g188590-d4888842-Reviews-Casablanca_Variety-Amsterdam_North_Holland_Province.html
